Attendance_ID,Employee_ID,Month,Department,Working_Days,Present_Days,Absent_Days,Casual_Leave,Sick_Leave,Earned_Leave,Festival_Holiday_Worked,Late_Days,Scheduled_Hours,Actual_Hours,Overtime_Hours,Max_Daily_Hours,Max_Weekly_Hours,Weekly_Rest_Breach,Leave_Balance,Attendance_Rate,Hours_Compliant
ATT-202601-EMP0001,EMP0001,2026-01-01,Quality Assurance,26,24,1,1,0,0,0,0,208,194,2.2,10.0,48,No,14,92.31,Yes
ATT-202601-EMP0002,EMP0002,2026-01-01,Maintenance,26,23,2,1,0,0,0,0,208,195,11.0,9.0,58,No,20,88.46,Yes
ATT-202601-EMP0003,EMP0003,2026-01-01,Production,26,26,0,0,0,0,0,0,208,211,3.5,8.0,60,No,24,100.0,Yes
ATT-202601-EMP0004,EMP0004,2026-01-01,Supply Chain,26,24,1,1,0,0,0,0,208,192,0,8.0,65,No,21,92.31,No
ATT-202601-EMP0005,EMP0005,2026-01-01,Human Resources,26,22,4,0,0,0,0,1,208,187,11.9,10.0,52,No,27,84.62,Yes
ATT-202601-EMP0006,EMP0006,2026-01-01,Production,26,24,2,0,0,0,0,4,208,193,1.0,8.0,56,No,29,92.31,Yes
ATT-202601-EMP0007,EMP0007,2026-01-01,Production,26,21,3,0,0,2,0,2,208,195,27.1,8.0,60,No,33,80.77,Yes
ATT-202601-EMP0008,EMP0008,2026-01-01,Sales & Marketing,26,26,0,0,0,0,0,3,208,221,13.9,10.0,56,No,25,100.0,Yes
ATT-202601-EMP0009,EMP0009,2026-01-01,Information Technology,26,26,0,0,0,0,1,3,208,224,16.2,9.0,58,No,5,100.0,Yes
ATT-202601-EMP0010,EMP0010,2026-01-01,Sales & Marketing,26,20,3,1,1,1,0,2,208,170,10.2,11.0,56,No,34,76.92,No
ATT-202601-EMP0011,EMP0011,2026-01-01,Human Resources,26,26,0,0,0,0,0,1,208,218,10.7,10.0,60,No,33,100.0,Yes
ATT-202601-EMP0012,EMP0012,2026-01-01,Quality Assurance,26,24,1,0,1,0,0,0,208,196,4.3,10.0,48,No,23,92.31,Yes
ATT-202601-EMP0013,EMP0013,2026-01-01,Maintenance,26,25,1,0,0,0,0,0,208,216,16.4,11.0,48,No,4,96.15,No
ATT-202601-EMP0014,EMP0014,2026-01-01,Maintenance,26,26,0,0,0,0,0,0,208,219,11.9,11.0,56,No,7,100.0,No
ATT-202601-EMP0015,EMP0015,2026-01-01,Maintenance,26,25,1,0,0,0,0,1,208,218,18.1,8.0,56,No,26,96.15,Yes
ATT-202601-EMP0016,EMP0016,2026-01-01,Finance & Accounts,26,20,4,2,0,0,0,4,208,179,19.0,10.0,56,No,28,76.92,Yes
ATT-202601-EMP0017,EMP0017,2026-01-01,Production,26,25,1,0,0,0,0,0,208,223,23.9,9.0,56,No,22,96.15,Yes
ATT-202601-EMP0018,EMP0018,2026-01-01,Administration,26,21,2,1,1,1,0,3,208,184,16.8,10.0,56,No,6,80.77,Yes
ATT-202601-EMP0019,EMP0019,2026-01-01,Maintenance,26,25,1,0,0,0,0,3,208,211,11.1,12.0,62,Yes,24,96.15,No
ATT-202601-EMP0020,EMP0020,2026-01-01,Sales & Marketing,26,25,1,0,0,0,0,1,208,208,8.4,8.0,52,No,16,96.15,Yes
ATT-202601-EMP0021,EMP0021,2026-01-01,Quality Assurance,26,24,2,0,0,0,0,5,208,203,11.0,8.0,60,No,31,92.31,Yes
ATT-202601-EMP0022,EMP0022,2026-01-01,Sales & Marketing,26,24,2,0,0,0,0,3,208,203,11.7,10.0,52,No,32,92.31,Yes
ATT-202601-EMP0023,EMP0023,2026-01-01,Quality Assurance,26,24,1,0,1,0,0,1,208,201,9.2,10.0,56,No,22,92.31,Yes
ATT-202601-EMP0024,EMP0024,2026-01-01,Supply Chain,26,25,1,0,0,0,0,4,208,204,4.1,10.0,56,Yes,23,96.15,No
ATT-202601-EMP0025,EMP0025,2026-01-01,Supply Chain,26,26,0,0,0,0,0,0,208,209,1.5,8.0,56,No,34,100.0,Yes
ATT-202601-EMP0026,EMP0026,2026-01-01,Administration,26,26,0,0,0,0,0,0,208,208,0,8.0,52,No,27,100.0,Yes
ATT-202601-EMP0027,EMP0027,2026-01-01,Production,26,24,1,1,0,0,0,1,208,208,16.2,8.0,48,No,17,92.31,Yes
ATT-202601-EMP0028,EMP0028,2026-01-01,Production,26,23,2,0,1,0,0,3,208,199,15.6,10.0,56,No,5,88.46,Yes
ATT-202601-EMP0029,EMP0029,2026-01-01,Information Technology,26,24,0,1,1,0,0,1,208,195,3.8,8.0,48,Yes,10,92.31,No
ATT-202601-EMP0030,EMP0030,2026-01-01,Information Technology,26,26,0,0,0,0,0,5,208,225,17.6,8.0,56,No,27,100.0,Yes
ATT-202601-EMP0031,EMP0031,2026-01-01,Administration,26,23,0,1,0,2,0,0,208,191,7.2,10.0,56,No,26,88.46,Yes
ATT-202601-EMP0032,EMP0032,2026-01-01,Production,26,22,4,0,0,0,0,2,208,199,23.3,10.0,48,No,23,84.62,Yes
ATT-202601-EMP0033,EMP0033,2026-01-01,Sales & Marketing,26,25,0,0,0,1,0,3,208,205,5.0,10.0,56,No,16,96.15,Yes
ATT-202601-EMP0034,EMP0034,2026-01-01,Production,26,21,4,0,0,1,0,1,208,177,9.8,9.0,52,No,15,80.77,Yes
ATT-202601-EMP0035,EMP0035,2026-01-01,Production,26,21,1,1,0,3,0,2,208,179,11.9,8.0,62,No,24,80.77,No
ATT-202601-EMP0036,EMP0036,2026-01-01,Administration,26,23,1,0,0,2,0,4,208,191,7.5,10.0,56,No,19,88.46,Yes
ATT-202601-EMP0037,EMP0037,2026-01-01,Production,26,24,0,2,0,0,0,4,208,207,15.5,8.0,58,No,19,92.31,Yes
ATT-202601-EMP0038,EMP0038,2026-01-01,Human Resources,26,25,0,1,0,0,0,5,208,200,0,12.0,52,No,20,96.15,No
ATT-202601-EMP0039,EMP0039,2026-01-01,Administration,26,24,2,0,0,0,0,4,208,192,0.1,10.5,52,No,35,92.31,No
ATT-202601-EMP0040,EMP0040,2026-01-01,Sales & Marketing,26,26,0,0,0,0,1,0,208,215,7.0,12.0,60,No,19,100.0,No
ATT-202601-EMP0041,EMP0041,2026-01-01,Human Resources,26,21,2,0,2,1,0,2,208,171,3.2,10.0,65,No,16,80.77,No
ATT-202601-EMP0042,EMP0042,2026-01-01,Information Technology,26,25,0,0,1,0,0,3,208,205,5.5,10.0,48,No,5,96.15,Yes
ATT-202601-EMP0043,EMP0043,2026-01-01,Sales & Marketing,26,25,1,0,0,0,0,1,208,218,18.9,9.0,58,No,26,96.15,Yes
ATT-202601-EMP0044,EMP0044,2026-01-01,Sales & Marketing,26,26,0,0,0,0,0,0,208,224,16.6,9.0,52,No,13,100.0,Yes
ATT-202601-EMP0045,EMP0045,2026-01-01,Production,26,23,3,0,0,0,0,2,208,191,7.1,9.0,56,No,10,88.46,Yes
ATT-202601-EMP0046,EMP0046,2026-01-01,Production,26,23,1,0,0,2,0,3,208,211,27.2,10.0,58,Yes,18,88.46,No
ATT-202601-EMP0047,EMP0047,2026-01-01,Quality Assurance,26,19,4,2,0,1,0,1,208,169,17.4,11.0,58,No,20,73.08,No
ATT-202601-EMP0048,EMP0048,2026-01-01,Finance & Accounts,26,26,0,0,0,0,0,3,208,221,13.7,11.0,58,No,27,100.0,No
ATT-202601-EMP0049,EMP0049,2026-01-01,Supply Chain,26,24,2,0,0,0,0,2,208,210,18.3,8.0,52,No,12,92.31,Yes
ATT-202601-EMP0050,EMP0050,2026-01-01,Production,26,23,3,0,0,0,0,3,208,216,32.1,9.0,48,No,8,88.46,Yes
ATT-202601-EMP0051,EMP0051,2026-01-01,Sales & Marketing,26,24,0,0,2,0,0,1,208,200,8.7,10.0,52,Yes,11,92.31,No
ATT-202601-EMP0052,EMP0052,2026-01-01,Information Technology,26,23,2,0,0,1,0,1,208,200,16.4,10.0,65,No,17,88.46,No
ATT-202601-EMP0053,EMP0053,2026-01-01,Production,26,25,0,0,0,1,1,0,208,211,11.6,10.0,65,No,28,96.15,No
ATT-202601-EMP0054,EMP0054,2026-01-01,Administration,26,25,0,1,0,0,0,3,208,200,0,10.0,60,No,30,96.15,Yes
ATT-202601-EMP0055,EMP0055,2026-01-01,Human Resources,26,24,2,0,0,0,1,0,208,198,6.8,9.0,62,No,32,92.31,No
ATT-202601-EMP0056,EMP0056,2026-01-01,Finance & Accounts,26,26,0,0,0,0,0,1,208,213,5.1,10.0,56,No,3,100.0,Yes
ATT-202601-EMP0057,EMP0057,2026-01-01,Administration,26,21,4,0,1,0,0,1,208,171,3.1,10.0,56,No,24,80.77,Yes
ATT-202601-EMP0058,EMP0058,2026-01-01,Supply Chain,26,23,2,1,0,0,0,0,208,191,7.1,8.0,48,No,7,88.46,Yes
ATT-202601-EMP0059,EMP0059,2026-01-01,Production,26,23,3,0,0,0,0,0,208,197,13.1,9.0,56,No,34,88.46,Yes
ATT-202601-EMP0060,EMP0060,2026-01-01,Production,26,26,0,0,0,0,0,3,208,211,3.9,12.0,52,No,17,100.0,No
ATT-202601-EMP0061,EMP0061,2026-01-01,Production,26,24,0,1,0,1,0,3,208,206,14.9,10.5,60,No,34,92.31,No
ATT-202601-EMP0062,EMP0062,2026-01-01,Human Resources,26,21,2,1,0,2,0,1,208,168,0,9.0,62,No,34,80.77,No
ATT-202601-EMP0063,EMP0063,2026-01-01,Supply Chain,26,23,1,1,0,1,0,2,208,184,0.4,10.0,52,Yes,27,88.46,No
ATT-202601-EMP0064,EMP0064,2026-01-01,Maintenance,26,23,2,0,0,1,1,0,208,198,14.3,9.0,65,No,15,88.46,No
ATT-202601-EMP0065,EMP0065,2026-01-01,Maintenance,26,23,1,2,0,0,0,0,208,191,7.8,10.5,56,No,27,88.46,No
ATT-202601-EMP0066,EMP0066,2026-01-01,Finance & Accounts,26,25,0,1,0,0,0,2,208,216,16.3,8.0,48,No,10,96.15,Yes
ATT-202601-EMP0067,EMP0067,2026-01-01,Administration,26,26,0,0,0,0,0,1,208,228,20.0,10.0,48,No,11,100.0,Yes
ATT-202601-EMP0068,EMP0068,2026-01-01,Information Technology,26,25,0,1,0,0,0,2,208,207,7.1,12.0,48,No,5,96.15,No
ATT-202601-EMP0069,EMP0069,2026-01-01,Quality Assurance,26,24,0,1,1,0,0,0,208,192,0.3,9.0,52,No,18,92.31,Yes
ATT-202601-EMP0070,EMP0070,2026-01-01,Production,26,26,0,0,0,0,0,1,208,223,15.5,8.0,58,Yes,15,100.0,No
ATT-202601-EMP0071,EMP0071,2026-01-01,Production,26,25,0,1,0,0,0,4,208,222,22.5,10.0,48,No,29,96.15,Yes
ATT-202601-EMP0072,EMP0072,2026-01-01,Information Technology,26,24,0,1,1,0,0,1,208,192,0,9.0,56,No,18,92.31,Yes
ATT-202601-EMP0073,EMP0073,2026-01-01,Quality Assurance,26,24,1,0,0,1,0,1,208,195,3.3,10.5,65,No,31,92.31,No
ATT-202601-EMP0074,EMP0074,2026-01-01,Production,26,19,4,0,0,3,0,4,208,180,28.8,8.0,48,No,23,73.08,Yes
ATT-202601-EMP0075,EMP0075,2026-01-01,Information Technology,26,24,2,0,0,0,0,2,208,200,8.1,11.0,56,No,9,92.31,No
ATT-202601-EMP0076,EMP0076,2026-01-01,Production,26,24,1,0,1,0,0,2,208,205,13.2,8.0,52,Yes,17,92.31,No
ATT-202601-EMP0077,EMP0077,2026-01-01,Supply Chain,26,24,1,1,0,0,0,1,208,197,5.1,9.0,62,No,17,92.31,No
ATT-202601-EMP0078,EMP0078,2026-01-01,Finance & Accounts,26,22,4,0,0,0,0,0,208,180,4.6,10.0,48,No,8,84.62,Yes
ATT-202601-EMP0079,EMP0079,2026-01-01,Maintenance,26,25,0,0,0,1,0,2,208,217,17.4,10.0,48,No,6,96.15,Yes
ATT-202601-EMP0080,EMP0080,2026-01-01,Supply Chain,26,25,1,0,0,0,0,1,208,200,0,8.0,48,No,18,96.15,Yes
ATT-202601-EMP0081,EMP0081,2026-01-01,Finance & Accounts,26,23,2,1,0,0,0,2,208,203,19.1,9.0,52,Yes,29,88.46,No
ATT-202601-EMP0082,EMP0082,2026-01-01,Sales & Marketing,26,21,3,1,0,1,0,0,208,169,1.2,10.0,56,No,20,80.77,Yes
ATT-202601-EMP0083,EMP0083,2026-01-01,Information Technology,26,23,0,0,2,1,0,0,208,191,7.1,8.0,52,No,9,88.46,Yes
ATT-202601-EMP0084,EMP0084,2026-01-01,Human Resources,26,24,2,0,0,0,0,0,208,195,3.4,8.0,56,No,3,92.31,Yes
ATT-202601-EMP0085,EMP0085,2026-01-01,Supply Chain,26,24,2,0,0,0,0,2,208,195,3.5,9.0,52,No,30,92.31,Yes
ATT-202601-EMP0086,EMP0086,2026-01-01,Quality Assurance,26,26,0,0,0,0,0,4,208,221,13.7,8.0,62,No,29,100.0,No
ATT-202601-EMP0087,EMP0087,2026-01-01,Sales & Marketing,26,22,2,0,2,0,0,4,208,176,0,10.0,56,No,9,84.62,Yes
ATT-202601-EMP0088,EMP0088,2026-01-01,Human Resources,26,21,2,2,0,1,0,3,208,182,14.3,10.0,52,No,12,80.77,Yes
ATT-202601-EMP0089,EMP0089,2026-01-01,Finance & Accounts,26,23,2,0,1,0,0,3,208,201,17.1,8.0,60,No,33,88.46,Yes
ATT-202601-EMP0090,EMP0090,2026-01-01,Production,26,25,1,0,0,0,0,0,208,210,10.0,9.0,52,No,13,96.15,Yes
ATT-202601-EMP0091,EMP0091,2026-01-01,Quality Assurance,26,19,4,1,0,2,0,1,208,171,19.7,8.0,60,Yes,26,73.08,No
ATT-202601-EMP0092,EMP0092,2026-01-01,Quality Assurance,26,23,0,2,0,1,0,1,208,210,26.4,8.0,65,No,4,88.46,No
ATT-202601-EMP0093,EMP0093,2026-01-01,Finance & Accounts,26,26,0,0,0,0,0,3,208,223,15.6,10.0,65,No,27,100.0,No
ATT-202601-EMP0094,EMP0094,2026-01-01,Human Resources,26,25,1,0,0,0,0,3,208,218,18.8,10.0,48,No,16,96.15,Yes
ATT-202601-EMP0095,EMP0095,2026-01-01,Production,26,24,0,1,1,0,0,1,208,206,14.9,8.0,58,No,5,92.31,Yes
ATT-202601-EMP0096,EMP0096,2026-01-01,Administration,26,25,0,0,0,1,1,4,208,202,2.4,10.0,56,Yes,4,96.15,No
ATT-202601-EMP0097,EMP0097,2026-01-01,Finance & Accounts,26,23,3,0,0,0,0,2,208,201,17.9,8.0,58,No,26,88.46,Yes
ATT-202601-EMP0098,EMP0098,2026-01-01,Quality Assurance,26,25,0,0,1,0,0,1,208,220,20.0,10.5,56,No,8,96.15,No
ATT-202601-EMP0099,EMP0099,2026-01-01,Information Technology,26,25,0,0,0,1,0,2,208,203,3.9,12.0,48,No,19,96.15,No
ATT-202601-EMP0100,EMP0100,2026-01-01,Information Technology,26,25,1,0,0,0,0,1,208,200,0,12.0,52,No,11,96.15,No
ATT-202601-EMP0101,EMP0101,2026-01-01,Administration,26,25,1,0,0,0,0,0,208,207,7.9,9.0,52,No,4,96.15,Yes
ATT-202601-EMP0102,EMP0102,2026-01-01,Finance & Accounts,26,24,2,0,0,0,0,1,208,212,20.8,10.5,58,No,32,92.31,No
ATT-202601-EMP0103,EMP0103,2026-01-01,Administration,26,22,1,1,1,1,0,4,208,189,13.5,10.5,56,No,26,84.62,No
ATT-202601-EMP0104,EMP0104,2026-01-01,Information Technology,26,25,1,0,0,0,0,0,208,200,0,8.0,56,No,16,96.15,Yes
ATT-202601-EMP0105,EMP0105,2026-01-01,Administration,26,23,1,1,1,0,0,3,208,184,0,10.5,58,No,24,88.46,No
ATT-202601-EMP0106,EMP0106,2026-01-01,Human Resources,26,25,0,0,1,0,0,1,208,200,0.2,8.0,58,No,25,96.15,Yes
ATT-202601-EMP0107,EMP0107,2026-01-01,Supply Chain,26,26,0,0,0,0,0,2,208,227,19.2,9.0,62,No,18,100.0,No
ATT-202601-EMP0108,EMP0108,2026-01-01,Production,26,22,2,0,1,1,0,0,208,197,21.3,10.0,48,No,14,84.62,Yes
ATT-202601-EMP0109,EMP0109,2026-01-01,Quality Assurance,26,22,4,0,0,0,0,2,208,176,0.1,10.5,48,No,8,84.62,No
ATT-202601-EMP0110,EMP0110,2026-01-01,Sales & Marketing,26,26,0,0,0,0,0,1,208,208,0,8.0,52,No,14,100.0,Yes
ATT-202601-EMP0111,EMP0111,2026-01-01,Human Resources,26,25,0,0,0,1,0,3,208,204,4.3,10.0,48,No,33,96.15,Yes
ATT-202601-EMP0112,EMP0112,2026-01-01,Production,26,24,1,0,1,0,0,2,208,203,11.9,9.0,58,No,13,92.31,Yes
ATT-202601-EMP0113,EMP0113,2026-01-01,Maintenance,26,21,2,1,1,1,0,4,208,176,8.8,10.0,52,No,13,80.77,Yes
ATT-202601-EMP0114,EMP0114,2026-01-01,Finance & Accounts,26,25,0,1,0,0,0,2,208,201,1.1,12.0,60,No,28,96.15,No
ATT-202601-EMP0115,EMP0115,2026-01-01,Production,26,24,2,0,0,0,0,1,208,218,26.5,11.0,56,No,6,92.31,No
ATT-202601-EMP0116,EMP0116,2026-01-01,Production,26,24,2,0,0,0,0,1,208,201,9.0,10.0,60,No,2,92.31,Yes
ATT-202601-EMP0117,EMP0117,2026-01-01,Supply Chain,14,13,1,0,0,0,0,0,114,104,0.1,9.0,48,No,12,92.86,Yes
ATT-202601-EMP0118,EMP0118,2026-01-01,Supply Chain,26,24,2,0,0,0,0,5,208,194,2.2,9.0,60,No,6,92.31,Yes
ATT-202601-EMP0119,EMP0119,2026-01-01,Human Resources,26,24,1,1,0,0,0,3,208,195,3.7,8.0,52,No,29,92.31,Yes
ATT-202601-EMP0120,EMP0120,2026-01-01,Production,26,21,3,2,0,0,0,2,208,172,4.3,8.0,60,No,4,80.77,Yes
ATT-202602-EMP0001,EMP0001,2026-02-01,Quality Assurance,26,26,0,0,0,0,0,1,208,209,1.7,9.0,62,No,28,100.0,No
ATT-202602-EMP0002,EMP0002,2026-02-01,Maintenance,26,25,0,1,0,0,0,1,208,219,19.2,12.0,52,No,23,96.15,No
ATT-202602-EMP0003,EMP0003,2026-02-01,Production,26,24,0,1,0,1,0,1,208,195,3.7,10.5,52,No,19,92.31,No
ATT-202602-EMP0004,EMP0004,2026-02-01,Supply Chain,26,25,1,0,0,0,0,1,208,207,7.8,8.0,48,No,35,96.15,Yes
ATT-202602-EMP0005,EMP0005,2026-02-01,Human Resources,26,25,1,0,0,0,0,1,208,208,8.6,9.0,58,No,12,96.15,Yes
ATT-202602-EMP0006,EMP0006,2026-02-01,Production,26,19,4,0,1,2,0,0,208,153,1.9,10.0,60,No,30,73.08,Yes
ATT-202602-EMP0007,EMP0007,2026-02-01,Production,26,23,2,1,0,0,0,1,208,190,6.9,10.0,58,No,21,88.46,Yes
ATT-202602-EMP0008,EMP0008,2026-02-01,Sales & Marketing,26,25,0,1,0,0,0,0,208,209,9.3,10.0,56,No,13,96.15,Yes
ATT-202602-EMP0009,EMP0009,2026-02-01,Information Technology,26,25,1,0,0,0,0,0,208,202,2.9,9.0,60,No,26,96.15,Yes
ATT-202602-EMP0010,EMP0010,2026-02-01,Sales & Marketing,26,20,1,2,0,3,0,3,208,170,10.0,10.0,52,No,3,76.92,Yes
ATT-202602-EMP0011,EMP0011,2026-02-01,Human Resources,26,24,0,1,0,1,0,2,208,197,5.7,9.0,48,Yes,2,92.31,No
ATT-202602-EMP0012,EMP0012,2026-02-01,Quality Assurance,26,25,1,0,0,0,1,1,208,201,1.9,10.0,56,Yes,11,96.15,No
ATT-202602-EMP0013,EMP0013,2026-02-01,Maintenance,26,24,2,0,0,0,0,1,208,210,18.2,9.0,52,No,3,92.31,Yes
ATT-202602-EMP0014,EMP0014,2026-02-01,Maintenance,26,24,1,0,0,1,0,0,208,210,18.1,9.0,60,No,11,92.31,Yes
ATT-202602-EMP0015,EMP0015,2026-02-01,Maintenance,26,25,1,0,0,0,0,0,208,220,20.0,11.0,48,No,35,96.15,No
ATT-202602-EMP0016,EMP0016,2026-02-01,Finance & Accounts,26,25,0,0,1,0,0,4,208,200,0,9.0,56,No,30,96.15,Yes
ATT-202602-EMP0017,EMP0017,2026-02-01,Production,26,25,0,1,0,0,0,1,208,219,19.0,9.0,56,No,24,96.15,Yes
ATT-202602-EMP0018,EMP0018,2026-02-01,Administration,26,26,0,0,0,0,0,0,208,210,2.0,10.0,65,No,23,100.0,No
ATT-202602-EMP0019,EMP0019,2026-02-01,Maintenance,26,18,3,2,0,3,0,0,208,154,10.0,10.0,52,No,3,69.23,Yes
ATT-202602-EMP0020,EMP0020,2026-02-01,Sales & Marketing,26,25,0,1,0,0,0,3,208,204,4.6,10.0,52,No,24,96.15,Yes
ATT-202602-EMP0021,EMP0021,2026-02-01,Quality Assurance,26,21,3,0,0,2,0,0,208,192,24.7,10.5,56,No,3,80.77,No
ATT-202602-EMP0022,EMP0022,2026-02-01,Sales & Marketing,26,23,1,0,0,2,0,3,208,193,9.1,9.0,58,No,2,88.46,Yes
ATT-202602-EMP0023,EMP0023,2026-02-01,Quality Assurance,26,24,0,2,0,0,0,1,208,197,5.5,10.0,60,Yes,24,92.31,No
ATT-202602-EMP0024,EMP0024,2026-02-01,Supply Chain,26,25,1,0,0,0,0,2,208,218,18.0,9.0,56,No,35,96.15,Yes
ATT-202602-EMP0025,EMP0025,2026-02-01,Supply Chain,26,25,1,0,0,0,0,1,208,218,18.3,9.0,58,No,23,96.15,Yes
ATT-202602-EMP0026,EMP0026,2026-02-01,Administration,26,25,0,0,0,1,0,1,208,204,4.8,10.5,48,No,14,96.15,No
ATT-202602-EMP0027,EMP0027,2026-02-01,Production,26,25,0,1,0,0,0,2,208,218,18.0,10.0,52,No,27,96.15,Yes
ATT-202602-EMP0028,EMP0028,2026-02-01,Production,26,24,1,0,0,1,0,3,208,219,27.2,9.0,52,No,14,92.31,Yes
ATT-202602-EMP0029,EMP0029,2026-02-01,Information Technology,26,25,0,1,0,0,1,2,208,201,1.7,9.0,65,No,27,96.15,No
ATT-202602-EMP0030,EMP0030,2026-02-01,Information Technology,26,24,1,1,0,0,0,3,208,208,16.2,10.0,56,No,24,92.31,Yes
ATT-202602-EMP0031,EMP0031,2026-02-01,Administration,26,25,1,0,0,0,0,5,208,214,14.4,10.0,56,No,4,96.15,Yes
ATT-202602-EMP0032,EMP0032,2026-02-01,Production,26,26,0,0,0,0,0,1,208,221,13.0,12.0,48,No,14,100.0,No
ATT-202602-EMP0033,EMP0033,2026-02-01,Sales & Marketing,26,24,0,1,1,0,0,0,208,204,12.4,9.0,58,No,35,92.31,Yes
ATT-202602-EMP0034,EMP0034,2026-02-01,Production,26,26,0,0,0,0,0,3,208,225,17.4,12.0,56,No,19,100.0,No
ATT-202602-EMP0035,EMP0035,2026-02-01,Production,26,26,0,0,0,0,0,2,208,208,0,9.0,56,No,17,100.0,Yes
ATT-202602-EMP0036,EMP0036,2026-02-01,Administration,26,25,1,0,0,0,0,1,208,200,0,12.0,62,No,26,96.15,No
ATT-202602-EMP0037,EMP0037,2026-02-01,Production,26,23,2,1,0,0,0,0,208,210,26.3,11.0,48,No,17,88.46,No
ATT-202602-EMP0038,EMP0038,2026-02-01,Human Resources,26,25,0,0,1,0,0,1,208,215,15.8,10.0,52,No,6,96.15,Yes
ATT-202602-EMP0039,EMP0039,2026-02-01,Administration,26,26,0,0,0,0,0,0,208,211,3.8,9.0,56,No,4,100.0,Yes
ATT-202602-EMP0040,EMP0040,2026-02-01,Sales & Marketing,26,24,0,2,0,0,0,2,208,198,6.0,10.0,62,Yes,32,92.31,No
ATT-202602-EMP0041,EMP0041,2026-02-01,Human Resources,26,26,0,0,0,0,0,4,208,227,19.3,8.0,48,No,32,100.0,Yes
ATT-202602-EMP0042,EMP0042,2026-02-01,Information Technology,26,22,2,0,1,1,0,1,208,176,0,10.5,52,No,28,84.62,No
ATT-202602-EMP0043,EMP0043,2026-02-01,Sales & Marketing,26,25,1,0,0,0,0,1,208,223,23.5,9.0,56,No,23,96.15,Yes
ATT-202602-EMP0044,EMP0044,2026-02-01,Sales & Marketing,26,22,2,1,1,0,0,4,208,182,6.1,10.5,56,No,19,84.62,No
ATT-202602-EMP0045,EMP0045,2026-02-01,Production,26,22,0,0,2,2,0,4,208,194,18.4,10.5,56,No,20,84.62,No
ATT-202602-EMP0046,EMP0046,2026-02-01,Production,26,24,1,0,1,0,0,2,208,208,16.8,8.0,52,No,23,92.31,Yes
ATT-202602-EMP0047,EMP0047,2026-02-01,Quality Assurance,26,22,3,0,0,1,0,2,208,185,9.3,8.0,60,No,35,84.62,Yes
ATT-202602-EMP0048,EMP0048,2026-02-01,Finance & Accounts,26,23,1,2,0,0,0,3,208,201,17.0,10.5,48,No,19,88.46,No
ATT-202602-EMP0049,EMP0049,2026-02-01,Supply Chain,26,21,3,0,0,2,0,3,208,170,2.6,11.0,56,No,22,80.77,No
ATT-202602-EMP0050,EMP0050,2026-02-01,Production,26,23,2,0,1,0,0,5,208,201,17.4,10.0,62,No,22,88.46,No
ATT-202602-EMP0051,EMP0051,2026-02-01,Sales & Marketing,26,23,1,0,2,0,0,0,208,186,2.4,9.0,52,No,12,88.46,Yes
ATT-202602-EMP0052,EMP0052,2026-02-01,Information Technology,26,24,0,1,0,1,0,4,208,197,5.3,12.0,56,No,6,92.31,No
ATT-202602-EMP0053,EMP0053,2026-02-01,Production,26,23,0,0,1,2,0,4,208,202,18.1,9.0,56,No,15,88.46,Yes
ATT-202602-EMP0054,EMP0054,2026-02-01,Administration,26,21,2,1,2,0,0,3,208,178,10.6,9.0,58,No,6,80.77,Yes
ATT-202602-EMP0055,EMP0055,2026-02-01,Human Resources,26,24,0,0,2,0,0,4,208,199,7.3,12.0,56,No,26,92.31,No
ATT-202602-EMP0056,EMP0056,2026-02-01,Finance & Accounts,26,25,0,1,0,0,0,3,208,203,3.5,8.0,52,No,22,96.15,Yes
ATT-202602-EMP0057,EMP0057,2026-02-01,Administration,26,26,0,0,0,0,0,1,208,212,4.9,10.0,56,No,33,100.0,Yes
ATT-202602-EMP0058,EMP0058,2026-02-01,Supply Chain,26,22,3,1,0,0,0,3,208,179,3.1,8.0,56,No,30,84.62,Yes
ATT-202602-EMP0059,EMP0059,2026-02-01,Production,26,22,3,1,0,0,0,2,208,193,17.4,11.0,48,No,11,84.62,No
ATT-202602-EMP0060,EMP0060,2026-02-01,Production,26,24,0,0,1,1,0,1,208,216,24.1,9.0,56,No,3,92.31,Yes
ATT-202602-EMP0061,EMP0061,2026-02-01,Production,26,26,0,0,0,0,0,3,208,216,8.3,10.0,56,No,9,100.0,Yes
ATT-202602-EMP0062,EMP0062,2026-02-01,Human Resources,26,24,2,0,0,0,0,1,208,198,6.8,9.0,52,No,18,92.31,Yes
ATT-202602-EMP0063,EMP0063,2026-02-01,Supply Chain,26,26,0,0,0,0,0,2,208,208,0,8.0,48,No,20,100.0,Yes
ATT-202602-EMP0064,EMP0064,2026-02-01,Maintenance,26,23,1,2,0,0,0,4,208,190,6.0,9.0,62,No,17,88.46,No
ATT-202602-EMP0065,EMP0065,2026-02-01,Maintenance,26,23,0,0,0,3,0,1,208,205,21.5,10.0,52,No,24,88.46,Yes
ATT-202602-EMP0066,EMP0066,2026-02-01,Finance & Accounts,26,25,0,0,1,0,0,0,208,210,10.1,9.0,58,No,28,96.15,Yes
ATT-202602-EMP0067,EMP0067,2026-02-01,Administration,26,23,1,2,0,0,0,0,208,184,0,9.0,65,No,12,88.46,No
ATT-202602-EMP0068,EMP0068,2026-02-01,Information Technology,26,25,1,0,0,0,0,0,208,213,13.3,10.0,48,No,31,96.15,Yes
ATT-202602-EMP0069,EMP0069,2026-02-01,Quality Assurance,26,25,1,0,0,0,0,3,208,200,0,10.0,52,No,28,96.15,Yes
ATT-202602-EMP0070,EMP0070,2026-02-01,Production,26,25,0,1,0,0,0,1,208,200,0,12.0,48,Yes,28,96.15,No
ATT-202602-EMP0071,EMP0071,2026-02-01,Production,26,24,1,1,0,0,0,1,208,204,12.9,10.0,56,No,29,92.31,Yes
ATT-202602-EMP0072,EMP0072,2026-02-01,Information Technology,26,25,1,0,0,0,0,2,208,206,6.2,10.0,56,No,28,96.15,Yes
ATT-202602-EMP0073,EMP0073,2026-02-01,Quality Assurance,26,24,2,0,0,0,0,1,208,192,0,10.0,48,No,12,92.31,Yes
ATT-202602-EMP0074,EMP0074,2026-02-01,Production,26,25,0,0,1,0,0,0,208,220,20.3,10.0,48,Yes,3,96.15,No
ATT-202602-EMP0075,EMP0075,2026-02-01,Information Technology,26,23,3,0,0,0,0,0,208,189,5.5,9.0,56,No,27,88.46,Yes
ATT-202602-EMP0076,EMP0076,2026-02-01,Production,26,25,1,0,0,0,0,5,208,219,19.7,9.0,58,Yes,23,96.15,No
ATT-202602-EMP0077,EMP0077,2026-02-01,Supply Chain,26,19,4,1,0,2,0,1,208,164,12.7,8.0,60,No,12,73.08,Yes
ATT-202602-EMP0078,EMP0078,2026-02-01,Finance & Accounts,26,25,1,0,0,0,0,2,208,203,3.3,10.0,56,No,18,96.15,Yes
ATT-202602-EMP0079,EMP0079,2026-02-01,Maintenance,26,23,1,1,1,0,0,0,208,202,18.5,10.0,52,Yes,31,88.46,No
ATT-202602-EMP0080,EMP0080,2026-02-01,Supply Chain,26,23,3,0,0,0,0,4,208,184,0.4,9.0,48,No,15,88.46,Yes
ATT-202602-EMP0081,EMP0081,2026-02-01,Finance & Accounts,26,23,1,0,1,1,0,0,208,184,0,10.0,62,No,16,88.46,No
ATT-202602-EMP0082,EMP0082,2026-02-01,Sales & Marketing,26,26,0,0,0,0,0,1,208,208,0,8.0,56,No,19,100.0,Yes
ATT-202602-EMP0083,EMP0083,2026-02-01,Information Technology,26,22,4,0,0,0,0,1,208,190,14.5,9.0,58,No,28,84.62,Yes
ATT-202602-EMP0084,EMP0084,2026-02-01,Human Resources,26,26,0,0,0,0,0,3,208,208,0,8.0,60,No,11,100.0,Yes
ATT-202602-EMP0085,EMP0085,2026-02-01,Supply Chain,26,21,0,2,2,1,0,0,208,168,0.3,10.0,60,No,7,80.77,Yes
ATT-202602-EMP0086,EMP0086,2026-02-01,Quality Assurance,26,25,1,0,0,0,1,3,208,225,25.4,9.0,52,No,25,96.15,Yes
ATT-202602-EMP0087,EMP0087,2026-02-01,Sales & Marketing,26,24,1,1,0,0,0,1,208,196,4.9,10.0,48,No,17,92.31,Yes
ATT-202602-EMP0088,EMP0088,2026-02-01,Human Resources,26,24,0,1,0,1,0,2,208,194,2.7,9.0,60,No,25,92.31,Yes
ATT-202602-EMP0089,EMP0089,2026-02-01,Finance & Accounts,26,21,4,1,0,0,0,0,208,188,20.4,8.0,52,No,31,80.77,Yes
ATT-202602-EMP0090,EMP0090,2026-02-01,Production,26,26,0,0,0,0,0,1,208,240,32.3,10.0,52,No,32,100.0,Yes
ATT-202602-EMP0091,EMP0091,2026-02-01,Quality Assurance,26,23,3,0,0,0,0,0,208,207,23.7,9.0,56,No,33,88.46,Yes
ATT-202602-EMP0092,EMP0092,2026-02-01,Quality Assurance,26,25,0,1,0,0,0,3,208,219,19.8,9.0,58,No,23,96.15,Yes
ATT-202602-EMP0093,EMP0093,2026-02-01,Finance & Accounts,26,25,0,1,0,0,0,0,208,215,15.0,10.0,48,No,29,96.15,Yes
ATT-202602-EMP0094,EMP0094,2026-02-01,Human Resources,26,25,1,0,0,0,0,4,208,200,0.9,9.0,52,Yes,35,96.15,No
ATT-202602-EMP0095,EMP0095,2026-02-01,Production,26,24,0,0,2,0,0,2,208,203,11.9,9.0,52,No,27,92.31,Yes
ATT-202602-EMP0096,EMP0096,2026-02-01,Administration,26,26,0,0,0,0,0,0,208,216,8.4,9.0,56,No,22,100.0,Yes
ATT-202602-EMP0097,EMP0097,2026-02-01,Finance & Accounts,26,22,4,0,0,0,0,4,208,182,6.8,8.0,52,No,10,84.62,Yes
ATT-202602-EMP0098,EMP0098,2026-02-01,Quality Assurance,26,20,3,2,0,1,0,1,208,164,4.3,10.5,58,No,10,76.92,No
ATT-202602-EMP0099,EMP0099,2026-02-01,Information Technology,26,25,1,0,0,0,0,0,208,201,1.9,8.0,60,No,22,96.15,Yes
ATT-202602-EMP0100,EMP0100,2026-02-01,Information Technology,26,21,4,0,1,0,0,0,208,168,0,9.0,60,No,35,80.77,Yes
ATT-202602-EMP0101,EMP0101,2026-02-01,Administration,26,24,0,1,1,0,0,0,208,192,0,9.0,52,No,29,92.31,Yes
ATT-202602-EMP0102,EMP0102,2026-02-01,Finance & Accounts,26,24,0,0,2,0,0,0,208,192,0.8,11.0,56,No,29,92.31,No
ATT-202602-EMP0103,EMP0103,2026-02-01,Administration,26,25,0,0,1,0,0,2,208,200,0,10.0,56,No,17,96.15,Yes
ATT-202602-EMP0104,EMP0104,2026-02-01,Information Technology,26,24,1,0,0,1,0,2,208,192,0,9.0,52,No,15,92.31,Yes
ATT-202602-EMP0105,EMP0105,2026-02-01,Administration,26,24,1,1,0,0,0,2,208,196,4.5,9.0,60,No,34,92.31,Yes
ATT-202602-EMP0106,EMP0106,2026-02-01,Human Resources,26,22,3,1,0,0,0,1,208,179,3.3,8.0,56,No,27,84.62,Yes
ATT-202602-EMP0107,EMP0107,2026-02-01,Supply Chain,26,25,1,0,0,0,0,0,208,206,6.7,9.0,48,No,2,96.15,Yes
ATT-202602-EMP0108,EMP0108,2026-02-01,Production,26,26,0,0,0,0,0,0,208,227,19.7,8.0,48,No,16,100.0,Yes
ATT-202602-EMP0109,EMP0109,2026-02-01,Quality Assurance,26,24,0,1,0,1,0,1,208,192,0.1,11.0,58,No,30,92.31,No
ATT-202602-EMP0110,EMP0110,2026-02-01,Sales & Marketing,26,25,0,0,1,0,0,1,208,202,2.2,8.0,52,No,33,96.15,Yes
ATT-202602-EMP0111,EMP0111,2026-02-01,Human Resources,26,25,0,0,1,0,0,2,208,205,5.7,9.0,62,No,24,96.15,No
ATT-202602-EMP0112,EMP0112,2026-02-01,Production,26,25,0,1,0,0,0,1,208,214,14.4,9.0,56,No,23,96.15,Yes
ATT-202602-EMP0113,EMP0113,2026-02-01,Maintenance,26,26,0,0,0,0,0,1,208,223,15.6,9.0,60,No,34,100.0,Yes
ATT-202602-EMP0114,EMP0114,2026-02-01,Finance & Accounts,19,19,0,0,0,0,0,0,156,158,6.8,8.0,48,No,19,100.0,Yes
ATT-202602-EMP0115,EMP0115,2026-02-01,Production,26,23,3,0,0,0,0,5,208,201,17.7,9.0,48,Yes,35,88.46,No
ATT-202602-EMP0116,EMP0116,2026-02-01,Production,26,23,2,1,0,0,0,1,208,203,19.9,8.0,48,No,10,88.46,Yes
ATT-202602-EMP0118,EMP0118,2026-02-01,Supply Chain,26,25,1,0,0,0,0,0,208,202,2.2,11.0,48,No,5,96.15,No
ATT-202602-EMP0119,EMP0119,2026-02-01,Human Resources,16,13,1,0,0,2,0,1,133,107,3.6,9.0,52,No,33,81.25,Yes
ATT-202602-EMP0120,EMP0120,2026-02-01,Production,26,22,2,0,2,0,0,1,208,193,17.8,10.0,65,No,34,84.62,No
ATT-202603-EMP0001,EMP0001,2026-03-01,Quality Assurance,26,26,0,0,0,0,0,3,208,214,6.5,9.0,60,No,12,100.0,Yes
ATT-202603-EMP0002,EMP0002,2026-03-01,Maintenance,26,22,1,1,0,2,0,4,208,194,18.9,10.0,65,No,22,84.62,No
ATT-202603-EMP0003,EMP0003,2026-03-01,Production,26,26,0,0,0,0,0,0,208,210,2.8,8.0,62,No,8,100.0,No
ATT-202603-EMP0004,EMP0004,2026-03-01,Supply Chain,26,24,1,1,0,0,0,3,208,192,0,10.5,58,No,35,92.31,No
ATT-202603-EMP0005,EMP0005,2026-03-01,Human Resources,26,26,0,0,0,0,0,2,208,219,11.3,10.0,60,No,28,100.0,Yes
ATT-202603-EMP0006,EMP0006,2026-03-01,Production,26,23,2,0,0,1,0,0,208,187,3.8,10.0,52,No,4,88.46,Yes
ATT-202603-EMP0007,EMP0007,2026-03-01,Production,26,24,0,0,0,2,0,1,208,207,15.7,12.0,62,No,29,92.31,No
ATT-202603-EMP0008,EMP0008,2026-03-01,Sales & Marketing,26,22,2,1,1,0,0,1,208,192,16.6,9.0,56,No,5,84.62,Yes
ATT-202603-EMP0009,EMP0009,2026-03-01,Information Technology,26,22,1,2,0,1,0,1,208,187,11.8,9.0,62,No,5,84.62,No
ATT-202603-EMP0010,EMP0010,2026-03-01,Sales & Marketing,26,24,0,2,0,0,0,3,208,202,10.0,10.0,52,No,26,92.31,Yes
ATT-202603-EMP0011,EMP0011,2026-03-01,Human Resources,26,25,1,0,0,0,0,1,208,207,7.9,12.0,52,No,31,96.15,No
ATT-202603-EMP0012,EMP0012,2026-03-01,Quality Assurance,26,23,2,1,0,0,0,1,208,184,0,10.0,48,No,30,88.46,Yes
ATT-202603-EMP0013,EMP0013,2026-03-01,Maintenance,26,23,0,2,1,0,0,0,208,184,0,8.0,52,Yes,6,88.46,No
ATT-202603-EMP0014,EMP0014,2026-03-01,Maintenance,26,22,3,0,1,0,0,3,208,192,16.4,9.0,56,No,26,84.62,Yes
ATT-202603-EMP0015,EMP0015,2026-03-01,Maintenance,26,22,3,0,1,0,0,1,208,196,20.8,9.0,56,No,18,84.62,Yes
ATT-202603-EMP0016,EMP0016,2026-03-01,Finance & Accounts,26,23,2,0,0,1,0,3,208,194,10.7,10.5,60,No,15,88.46,No
ATT-202603-EMP0017,EMP0017,2026-03-01,Production,26,24,0,0,0,2,0,1,208,205,13.3,8.0,52,No,23,92.31,Yes
ATT-202603-EMP0018,EMP0018,2026-03-01,Administration,26,25,0,1,0,0,0,2,208,203,3.5,10.0,60,No,2,96.15,Yes
ATT-202603-EMP0019,EMP0019,2026-03-01,Maintenance,26,23,1,0,1,1,0,3,208,192,8.0,8.0,48,No,16,88.46,Yes
ATT-202603-EMP0020,EMP0020,2026-03-01,Sales & Marketing,26,23,0,1,0,2,0,3,208,193,9.4,10.0,48,Yes,34,88.46,No
ATT-202603-EMP0021,EMP0021,2026-03-01,Quality Assurance,26,24,0,0,1,1,0,2,208,199,7.8,10.0,56,No,2,92.31,Yes
ATT-202603-EMP0022,EMP0022,2026-03-01,Sales & Marketing,26,26,0,0,0,0,0,2,208,223,15.3,11.0,52,No,12,100.0,No
ATT-202603-EMP0023,EMP0023,2026-03-01,Quality Assurance,26,23,2,0,0,1,0,3,208,195,11.6,10.0,48,No,25,88.46,Yes
ATT-202603-EMP0024,EMP0024,2026-03-01,Supply Chain,26,26,0,0,0,0,0,2,208,208,0,10.0,52,Yes,18,100.0,No
ATT-202603-EMP0025,EMP0025,2026-03-01,Supply Chain,26,25,1,0,0,0,0,0,208,226,26.1,10.0,52,No,11,96.15,Yes
ATT-202603-EMP0026,EMP0026,2026-03-01,Administration,26,25,0,1,0,0,0,1,208,218,18.9,9.0,52,No,15,96.15,Yes
ATT-202603-EMP0027,EMP0027,2026-03-01,Production,26,25,0,1,0,0,0,0,208,210,10.6,10.5,56,Yes,8,96.15,No
ATT-202603-EMP0028,EMP0028,2026-03-01,Production,26,25,1,0,0,0,0,4,208,214,14.4,10.5,48,No,17,96.15,No
ATT-202603-EMP0029,EMP0029,2026-03-01,Information Technology,26,26,0,0,0,0,0,0,208,212,4.1,8.0,56,No,30,100.0,Yes
ATT-202603-EMP0030,EMP0030,2026-03-01,Information Technology,26,24,2,0,0,0,0,2,208,192,0,10.0,56,No,24,92.31,Yes
ATT-202603-EMP0031,EMP0031,2026-03-01,Administration,26,24,0,1,1,0,0,2,208,192,0,10.0,52,No,33,92.31,Yes
ATT-202603-EMP0032,EMP0032,2026-03-01,Production,26,26,0,0,0,0,1,1,208,227,19.3,11.0,48,No,22,100.0,No
ATT-202603-EMP0033,EMP0033,2026-03-01,Sales & Marketing,26,23,2,0,1,0,0,0,208,207,23.0,10.0,52,No,8,88.46,Yes
ATT-202603-EMP0034,EMP0034,2026-03-01,Production,26,25,0,0,0,1,1,3,208,220,20.4,10.0,48,No,7,96.15,Yes
ATT-202603-EMP0035,EMP0035,2026-03-01,Production,26,21,0,2,0,3,0,1,208,176,8.9,9.0,48,No,16,80.77,Yes
ATT-202603-EMP0036,EMP0036,2026-03-01,Administration,26,25,0,0,0,1,0,5,208,219,19.0,8.0,65,No,10,96.15,No
ATT-202603-EMP0037,EMP0037,2026-03-01,Production,26,25,0,0,0,1,0,0,208,229,29.1,10.0,52,No,9,96.15,Yes
ATT-202603-EMP0038,EMP0038,2026-03-01,Human Resources,26,22,0,2,0,2,0,0,208,182,6.1,11.0,56,No,9,84.62,No
ATT-202603-EMP0039,EMP0039,2026-03-01,Administration,26,24,2,0,0,0,0,4,208,193,1.7,9.0,58,No,23,92.31,Yes
ATT-202603-EMP0040,EMP0040,2026-03-01,Sales & Marketing,26,23,1,0,0,2,0,0,208,205,21.8,9.0,60,No,2,88.46,Yes
ATT-202603-EMP0041,EMP0041,2026-03-01,Human Resources,26,23,1,1,1,0,0,2,208,193,9.8,9.0,52,No,29,88.46,Yes
ATT-202603-EMP0042,EMP0042,2026-03-01,Information Technology,26,26,0,0,0,0,0,1,208,214,6.5,10.0,62,No,5,100.0,No
ATT-202603-EMP0043,EMP0043,2026-03-01,Sales & Marketing,26,26,0,0,0,0,0,0,208,214,6.7,10.0,48,No,13,100.0,Yes
ATT-202603-EMP0044,EMP0044,2026-03-01,Sales & Marketing,26,24,0,0,2,0,0,2,208,207,15.8,8.0,48,No,2,92.31,Yes
ATT-202603-EMP0045,EMP0045,2026-03-01,Production,26,21,4,1,0,0,0,5,208,173,5.5,9.0,56,No,3,80.77,Yes
ATT-202603-EMP0046,EMP0046,2026-03-01,Production,26,25,0,1,0,0,0,1,208,209,9.6,10.0,52,No,4,96.15,Yes
ATT-202603-EMP0047,EMP0047,2026-03-01,Quality Assurance,26,25,1,0,0,0,0,1,208,214,14.8,8.0,52,No,6,96.15,Yes
ATT-202603-EMP0048,EMP0048,2026-03-01,Finance & Accounts,26,24,1,0,1,0,0,5,208,203,11.5,8.0,48,No,14,92.31,Yes
ATT-202603-EMP0049,EMP0049,2026-03-01,Supply Chain,26,25,0,1,0,0,0,0,208,202,2.5,12.0,60,No,14,96.15,No
ATT-202603-EMP0050,EMP0050,2026-03-01,Production,26,24,1,0,1,0,0,3,208,203,11.5,10.0,48,No,5,92.31,Yes
ATT-202603-EMP0051,EMP0051,2026-03-01,Sales & Marketing,26,24,1,0,0,1,0,4,208,192,0,10.5,48,No,34,92.31,No
ATT-202603-EMP0052,EMP0052,2026-03-01,Information Technology,26,25,1,0,0,0,0,1,208,208,8.9,10.0,48,No,29,96.15,Yes
ATT-202603-EMP0053,EMP0053,2026-03-01,Production,26,21,3,2,0,0,0,1,208,185,17.7,9.0,58,No,12,80.77,Yes
ATT-202603-EMP0054,EMP0054,2026-03-01,Administration,26,22,2,1,0,1,0,1,208,185,9.7,10.0,56,No,23,84.62,Yes
ATT-202603-EMP0055,EMP0055,2026-03-01,Human Resources,26,26,0,0,0,0,0,4,208,223,15.2,10.5,52,No,5,100.0,No
ATT-202603-EMP0056,EMP0056,2026-03-01,Finance & Accounts,26,21,3,1,0,1,0,5,208,170,2.5,10.0,48,No,4,80.77,Yes
ATT-202603-EMP0057,EMP0057,2026-03-01,Administration,26,26,0,0,0,0,0,1,208,208,0,8.0,56,No,16,100.0,Yes
ATT-202603-EMP0058,EMP0058,2026-03-01,Supply Chain,26,22,2,2,0,0,0,0,208,182,6.3,10.0,48,No,30,84.62,Yes
ATT-202603-EMP0059,EMP0059,2026-03-01,Production,26,24,2,0,0,0,0,2,208,218,26.9,9.0,60,No,7,92.31,Yes
ATT-202603-EMP0060,EMP0060,2026-03-01,Production,26,26,0,0,0,0,0,1,208,208,0.3,12.0,52,No,31,100.0,No
ATT-202603-EMP0061,EMP0061,2026-03-01,Production,26,24,1,0,1,0,1,4,208,213,21.4,9.0,48,No,25,92.31,Yes
ATT-202603-EMP0062,EMP0062,2026-03-01,Human Resources,26,22,4,0,0,0,0,2,208,177,1.4,9.0,48,No,32,84.62,Yes
ATT-202603-EMP0063,EMP0063,2026-03-01,Supply Chain,26,23,3,0,0,0,0,2,208,186,2.5,9.0,60,No,35,88.46,Yes
ATT-202603-EMP0064,EMP0064,2026-03-01,Maintenance,26,25,1,0,0,0,0,2,208,214,14.9,9.0,56,No,20,96.15,Yes
ATT-202603-EMP0065,EMP0065,2026-03-01,Maintenance,26,24,2,0,0,0,1,2,208,202,10.1,10.0,52,No,32,92.31,Yes
ATT-202603-EMP0066,EMP0066,2026-03-01,Finance & Accounts,26,24,0,1,0,1,0,1,208,200,8.1,8.0,48,No,35,92.31,Yes
ATT-202603-EMP0067,EMP0067,2026-03-01,Administration,26,25,1,0,0,0,0,1,208,219,19.0,9.0,58,No,8,96.15,Yes
ATT-202603-EMP0068,EMP0068,2026-03-01,Information Technology,26,22,3,0,1,0,0,0,208,178,2.6,8.0,62,No,25,84.62,No
ATT-202603-EMP0069,EMP0069,2026-03-01,Quality Assurance,26,24,0,0,1,1,0,1,208,197,5.1,10.0,48,No,26,92.31,Yes
ATT-202603-EMP0070,EMP0070,2026-03-01,Production,26,21,4,0,0,1,0,3,208,173,5.5,9.0,56,No,23,80.77,Yes
ATT-202603-EMP0071,EMP0071,2026-03-01,Production,26,22,0,0,2,2,0,3,208,178,2.9,10.0,52,No,26,84.62,Yes
ATT-202603-EMP0072,EMP0072,2026-03-01,Information Technology,26,25,1,0,0,0,0,3,208,202,2.8,8.0,58,No,12,96.15,Yes
ATT-202603-EMP0073,EMP0073,2026-03-01,Quality Assurance,26,25,0,0,0,1,0,0,208,200,0,10.0,60,No,11,96.15,Yes
ATT-202603-EMP0074,EMP0074,2026-03-01,Production,26,19,3,2,1,1,0,1,208,162,10.4,8.0,56,No,9,73.08,Yes
ATT-202603-EMP0075,EMP0075,2026-03-01,Information Technology,26,22,3,0,0,1,0,0,208,180,4.4,10.0,58,No,14,84.62,Yes
ATT-202603-EMP0076,EMP0076,2026-03-01,Production,26,26,0,0,0,0,0,1,208,208,0,9.0,48,Yes,12,100.0,No
ATT-202603-EMP0077,EMP0077,2026-03-01,Supply Chain,26,25,1,0,0,0,0,1,208,203,3.9,10.5,52,No,27,96.15,No
ATT-202603-EMP0078,EMP0078,2026-03-01,Finance & Accounts,26,26,0,0,0,0,0,4,208,214,6.5,9.0,56,No,14,100.0,Yes
ATT-202603-EMP0079,EMP0079,2026-03-01,Maintenance,26,24,1,0,0,1,0,3,208,213,21.2,10.0,56,No,34,92.31,Yes
ATT-202603-EMP0080,EMP0080,2026-03-01,Supply Chain,26,22,3,0,0,1,0,1,208,179,3.9,8.0,62,No,26,84.62,No
ATT-202603-EMP0081,EMP0081,2026-03-01,Finance & Accounts,26,26,0,0,0,0,0,1,208,228,20.3,9.0,56,Yes,13,100.0,No
ATT-202603-EMP0082,EMP0082,2026-03-01,Sales & Marketing,26,25,0,1,0,0,0,0,208,201,1.8,10.0,52,No,16,96.15,Yes
ATT-202603-EMP0083,EMP0083,2026-03-01,Information Technology,26,24,1,0,1,0,0,4,208,198,6.7,8.0,52,No,15,92.31,Yes
ATT-202603-EMP0084,EMP0084,2026-03-01,Human Resources,26,25,0,0,1,0,0,2,208,204,4.7,9.0,56,No,8,96.15,Yes
ATT-202603-EMP0085,EMP0085,2026-03-01,Supply Chain,26,26,0,0,0,0,0,3,208,210,2.5,8.0,48,No,21,100.0,Yes
ATT-202603-EMP0086,EMP0086,2026-03-01,Quality Assurance,26,26,0,0,0,0,0,0,208,219,11.3,10.0,62,Yes,4,100.0,No
ATT-202603-EMP0087,EMP0087,2026-03-01,Sales & Marketing,26,22,4,0,0,0,0,1,208,192,16.3,10.0,56,Yes,9,84.62,No
ATT-202603-EMP0088,EMP0088,2026-03-01,Human Resources,26,24,1,0,1,0,0,3,208,192,0,8.0,56,No,35,92.31,Yes
ATT-202603-EMP0089,EMP0089,2026-03-01,Finance & Accounts,26,24,0,0,2,0,0,2,208,192,0.1,9.0,48,No,6,92.31,Yes
ATT-202603-EMP0090,EMP0090,2026-03-01,Production,26,25,0,1,0,0,0,0,208,201,1.0,9.0,65,No,35,96.15,No
ATT-202603-EMP0091,EMP0091,2026-03-01,Quality Assurance,26,23,1,1,0,1,0,1,208,191,7.5,10.0,56,Yes,31,88.46,No
ATT-202603-EMP0092,EMP0092,2026-03-01,Quality Assurance,26,24,0,2,0,0,0,1,208,203,11.2,8.0,56,No,13,92.31,Yes
ATT-202603-EMP0093,EMP0093,2026-03-01,Finance & Accounts,26,25,1,0,0,0,0,5,208,215,15.4,9.0,58,No,8,96.15,Yes
ATT-202603-EMP0094,EMP0094,2026-03-01,Human Resources,26,23,0,1,0,2,0,2,208,184,0,10.0,58,No,16,88.46,Yes
ATT-202603-EMP0095,EMP0095,2026-03-01,Production,26,23,0,2,1,0,0,0,208,195,11.0,10.0,60,No,13,88.46,Yes
ATT-202603-EMP0096,EMP0096,2026-03-01,Administration,26,21,1,2,0,2,0,0,208,176,8.9,11.0,48,No,6,80.77,No
ATT-202603-EMP0097,EMP0097,2026-03-01,Finance & Accounts,26,25,1,0,0,0,0,3,208,215,15.7,9.0,48,No,30,96.15,Yes
ATT-202603-EMP0098,EMP0098,2026-03-01,Quality Assurance,26,21,3,1,1,0,0,4,208,184,16.4,9.0,58,No,24,80.77,Yes
ATT-202603-EMP0099,EMP0099,2026-03-01,Information Technology,26,24,1,0,0,1,0,0,208,193,1.7,10.0,56,No,26,92.31,Yes
ATT-202603-EMP0100,EMP0100,2026-03-01,Information Technology,26,23,3,0,0,0,0,3,208,185,1.5,11.0,48,No,17,88.46,No
ATT-202603-EMP0101,EMP0101,2026-03-01,Administration,26,26,0,0,0,0,0,0,208,208,0,8.0,60,No,26,100.0,Yes
ATT-202603-EMP0102,EMP0102,2026-03-01,Finance & Accounts,26,24,2,0,0,0,0,3,208,203,11.6,10.0,48,No,25,92.31,Yes
ATT-202603-EMP0103,EMP0103,2026-03-01,Administration,26,22,4,0,0,0,0,1,208,186,10.3,12.0,65,No,35,84.62,No
ATT-202603-EMP0104,EMP0104,2026-03-01,Information Technology,26,26,0,0,0,0,0,2,208,208,0,9.0,48,No,10,100.0,Yes
ATT-202603-EMP0105,EMP0105,2026-03-01,Administration,26,26,0,0,0,0,0,2,208,221,13.2,8.0,56,No,24,100.0,Yes
ATT-202603-EMP0106,EMP0106,2026-03-01,Human Resources,26,26,0,0,0,0,0,0,208,212,4.0,9.0,48,No,6,100.0,Yes
ATT-202603-EMP0107,EMP0107,2026-03-01,Supply Chain,26,23,2,0,0,1,0,2,208,195,11.8,10.5,52,No,32,88.46,No
ATT-202603-EMP0108,EMP0108,2026-03-01,Production,26,25,0,0,0,1,0,0,208,213,13.5,8.0,48,No,13,96.15,Yes
ATT-202603-EMP0109,EMP0109,2026-03-01,Quality Assurance,26,23,2,1,0,0,0,0,208,186,2.3,8.0,56,No,26,88.46,Yes
ATT-202603-EMP0110,EMP0110,2026-03-01,Sales & Marketing,26,26,0,0,0,0,0,3,208,223,15.1,10.0,56,No,12,100.0,Yes
ATT-202603-EMP0111,EMP0111,2026-03-01,Human Resources,26,24,1,0,0,1,0,1,208,211,19.9,10.0,52,No,34,92.31,Yes
ATT-202603-EMP0112,EMP0112,2026-03-01,Production,26,23,0,1,1,1,0,1,208,213,29.5,9.0,48,No,23,88.46,Yes
ATT-202603-EMP0113,EMP0113,2026-03-01,Maintenance,26,23,1,1,1,0,0,1,208,195,11.4,8.0,56,No,26,88.46,Yes
ATT-202603-EMP0115,EMP0115,2026-03-01,Production,9,4,4,0,1,0,0,0,72,51,19.4,8.0,60,No,7,44.44,Yes
ATT-202603-EMP0116,EMP0116,2026-03-01,Production,26,25,1,0,0,0,0,1,208,210,10.1,10.0,62,No,21,96.15,No
ATT-202603-EMP0118,EMP0118,2026-03-01,Supply Chain,26,25,1,0,0,0,0,4,208,205,5.3,10.0,56,No,32,96.15,Yes
ATT-202603-EMP0120,EMP0120,2026-03-01,Production,10,7,2,0,1,0,0,3,87,71,15.6,9.0,52,No,5,70.0,Yes
ATT-202604-EMP0001,EMP0001,2026-04-01,Quality Assurance,26,26,0,0,0,0,1,1,208,209,1.8,10.5,60,No,5,100.0,No
ATT-202604-EMP0002,EMP0002,2026-04-01,Maintenance,26,23,3,0,0,0,0,1,208,197,13.6,9.0,52,No,23,88.46,Yes
ATT-202604-EMP0003,EMP0003,2026-04-01,Production,26,26,0,0,0,0,0,2,208,212,4.4,10.0,58,No,25,100.0,Yes
ATT-202604-EMP0004,EMP0004,2026-04-01,Supply Chain,26,22,3,0,1,0,0,1,208,179,3.0,10.0,52,Yes,35,84.62,No
ATT-202604-EMP0005,EMP0005,2026-04-01,Human Resources,26,24,1,0,1,0,0,3,208,222,30.4,10.0,58,Yes,32,92.31,No
ATT-202604-EMP0006,EMP0006,2026-04-01,Production,26,26,0,0,0,0,0,0,208,208,0,10.0,52,No,17,100.0,Yes
ATT-202604-EMP0007,EMP0007,2026-04-01,Production,26,24,0,0,2,0,0,3,208,203,11.9,12.0,56,No,6,92.31,No
ATT-202604-EMP0008,EMP0008,2026-04-01,Sales & Marketing,26,21,2,0,0,3,0,1,208,177,9.4,10.0,48,No,15,80.77,Yes
ATT-202604-EMP0009,EMP0009,2026-04-01,Information Technology,26,25,0,1,0,0,0,1,208,201,1.2,9.0,48,No,25,96.15,Yes
ATT-202604-EMP0010,EMP0010,2026-04-01,Sales & Marketing,26,24,1,1,0,0,0,1,208,192,0,9.0,58,No,22,92.31,Yes
ATT-202604-EMP0011,EMP0011,2026-04-01,Human Resources,26,26,0,0,0,0,0,1,208,215,7.6,9.0,56,Yes,15,100.0,No
ATT-202604-EMP0012,EMP0012,2026-04-01,Quality Assurance,26,25,0,0,1,0,0,0,208,204,4.9,8.0,48,No,5,96.15,Yes
ATT-202604-EMP0013,EMP0013,2026-04-01,Maintenance,26,23,2,1,0,0,0,1,208,188,4.8,10.0,56,No,5,88.46,Yes
ATT-202604-EMP0014,EMP0014,2026-04-01,Maintenance,26,25,1,0,0,0,0,3,208,212,12.3,10.5,56,No,9,96.15,No
ATT-202604-EMP0015,EMP0015,2026-04-01,Maintenance,26,24,2,0,0,0,1,2,208,198,6.8,8.0,58,Yes,25,92.31,No
ATT-202604-EMP0016,EMP0016,2026-04-01,Finance & Accounts,26,24,1,0,1,0,0,0,208,209,17.3,10.0,48,No,12,92.31,Yes
ATT-202604-EMP0017,EMP0017,2026-04-01,Production,26,23,1,2,0,0,0,3,208,202,18.7,8.0,48,No,23,88.46,Yes
ATT-202604-EMP0018,EMP0018,2026-04-01,Administration,26,24,1,0,1,0,0,4,208,200,8.1,10.0,58,No,15,92.31,Yes
ATT-202604-EMP0019,EMP0019,2026-04-01,Maintenance,26,23,3,0,0,0,0,2,208,216,32.9,10.0,48,No,27,88.46,Yes
ATT-202604-EMP0020,EMP0020,2026-04-01,Sales & Marketing,26,25,1,0,0,0,0,1,208,220,20.2,9.0,62,No,7,96.15,No
ATT-202604-EMP0021,EMP0021,2026-04-01,Quality Assurance,26,26,0,0,0,0,0,1,208,233,25.3,10.0,52,No,31,100.0,Yes
ATT-202604-EMP0022,EMP0022,2026-04-01,Sales & Marketing,26,25,0,1,0,0,0,1,208,209,9.9,11.0,58,No,26,96.15,No
ATT-202604-EMP0023,EMP0023,2026-04-01,Quality Assurance,26,25,1,0,0,0,0,4,208,227,27.2,9.0,52,No,33,96.15,Yes
ATT-202604-EMP0024,EMP0024,2026-04-01,Supply Chain,26,26,0,0,0,0,1,0,208,220,12.7,9.0,56,No,35,100.0,Yes
ATT-202604-EMP0025,EMP0025,2026-04-01,Supply Chain,26,24,2,0,0,0,0,5,208,197,5.7,9.0,52,No,35,92.31,Yes
ATT-202604-EMP0026,EMP0026,2026-04-01,Administration,26,25,1,0,0,0,0,2,208,219,19.9,9.0,52,No,23,96.15,Yes
ATT-202604-EMP0027,EMP0027,2026-04-01,Production,26,26,0,0,0,0,0,1,208,232,24.1,8.0,56,No,25,100.0,Yes
ATT-202604-EMP0028,EMP0028,2026-04-01,Production,26,25,1,0,0,0,0,3,208,217,17.7,8.0,65,No,27,96.15,No
ATT-202604-EMP0029,EMP0029,2026-04-01,Information Technology,26,26,0,0,0,0,0,1,208,218,10.8,10.0,58,No,16,100.0,Yes
ATT-202604-EMP0030,EMP0030,2026-04-01,Information Technology,26,24,2,0,0,0,0,3,208,194,2.6,10.0,58,No,30,92.31,Yes
ATT-202604-EMP0031,EMP0031,2026-04-01,Administration,26,25,1,0,0,0,0,0,208,206,6.5,9.0,52,No,16,96.15,Yes
ATT-202604-EMP0032,EMP0032,2026-04-01,Production,26,24,1,1,0,0,0,1,208,220,28.8,11.0,52,No,24,92.31,No
ATT-202604-EMP0033,EMP0033,2026-04-01,Sales & Marketing,26,26,0,0,0,0,0,3,208,215,7.2,10.0,60,No,7,100.0,Yes
ATT-202604-EMP0034,EMP0034,2026-04-01,Production,26,23,2,0,0,1,0,0,208,206,22.5,8.0,65,No,19,88.46,No
ATT-202604-EMP0035,EMP0035,2026-04-01,Production,26,25,1,0,0,0,0,0,208,214,14.6,10.0,58,No,8,96.15,Yes
ATT-202604-EMP0036,EMP0036,2026-04-01,Administration,26,24,0,0,1,1,1,0,208,199,7.8,10.5,52,No,34,92.31,No
ATT-202604-EMP0037,EMP0037,2026-04-01,Production,26,24,0,2,0,0,0,0,208,209,17.2,9.0,60,No,13,92.31,Yes
ATT-202604-EMP0038,EMP0038,2026-04-01,Human Resources,26,25,1,0,0,0,0,0,208,212,12.6,11.0,58,No,7,96.15,No
ATT-202604-EMP0039,EMP0039,2026-04-01,Administration,26,24,1,0,0,1,0,3,208,194,2.8,10.0,62,No,32,92.31,No
ATT-202604-EMP0040,EMP0040,2026-04-01,Sales & Marketing,26,26,0,0,0,0,0,1,208,208,0,11.0,65,No,24,100.0,No
ATT-202604-EMP0041,EMP0041,2026-04-01,Human Resources,26,25,0,0,1,0,0,1,208,203,3.8,12.0,58,No,24,96.15,No
ATT-202604-EMP0042,EMP0042,2026-04-01,Information Technology,26,23,3,0,0,0,0,0,208,187,3.9,10.0,52,No,19,88.46,Yes
ATT-202604-EMP0043,EMP0043,2026-04-01,Sales & Marketing,26,25,0,1,0,0,0,1,208,211,11.0,9.0,48,No,33,96.15,Yes
ATT-202604-EMP0044,EMP0044,2026-04-01,Sales & Marketing,26,24,1,1,0,0,0,4,208,193,1.0,9.0,52,No,8,92.31,Yes
ATT-202604-EMP0045,EMP0045,2026-04-01,Production,26,23,0,1,0,2,0,1,208,215,31.7,10.0,56,No,12,88.46,Yes
ATT-202604-EMP0046,EMP0046,2026-04-01,Production,26,25,0,0,1,0,0,4,208,222,22.3,9.0,52,No,18,96.15,Yes
ATT-202604-EMP0047,EMP0047,2026-04-01,Quality Assurance,26,25,1,0,0,0,0,3,208,200,0,9.0,52,No,25,96.15,Yes
ATT-202604-EMP0048,EMP0048,2026-04-01,Finance & Accounts,26,24,0,0,0,2,0,2,208,196,4.7,11.0,56,No,35,92.31,No
ATT-202604-EMP0049,EMP0049,2026-04-01,Supply Chain,26,23,2,0,1,0,0,1,208,184,0,8.0,48,No,9,88.46,Yes
ATT-202604-EMP0050,EMP0050,2026-04-01,Production,26,24,1,1,0,0,0,2,208,200,8.1,10.0,52,No,30,92.31,Yes
ATT-202604-EMP0051,EMP0051,2026-04-01,Sales & Marketing,26,25,0,0,0,1,0,2,208,206,6.4,8.0,56,No,24,96.15,Yes
ATT-202604-EMP0052,EMP0052,2026-04-01,Information Technology,26,23,1,0,0,2,0,0,208,184,0,10.5,48,No,33,88.46,No
ATT-202604-EMP0053,EMP0053,2026-04-01,Production,26,23,2,1,0,0,0,2,208,198,14.2,10.0,48,No,20,88.46,Yes
ATT-202604-EMP0054,EMP0054,2026-04-01,Administration,26,25,0,0,1,0,0,0,208,207,7.5,9.0,52,No,26,96.15,Yes
ATT-202604-EMP0055,EMP0055,2026-04-01,Human Resources,26,25,1,0,0,0,0,1,208,207,7.6,10.0,48,No,22,96.15,Yes
ATT-202604-EMP0056,EMP0056,2026-04-01,Finance & Accounts,26,26,0,0,0,0,0,0,208,222,14.0,12.0,62,No,20,100.0,No
ATT-202604-EMP0057,EMP0057,2026-04-01,Administration,26,23,3,0,0,0,0,1,208,187,3.4,12.0,56,No,28,88.46,No
ATT-202604-EMP0058,EMP0058,2026-04-01,Supply Chain,26,24,2,0,0,0,0,2,208,196,4.2,11.0,60,No,5,92.31,No
ATT-202604-EMP0059,EMP0059,2026-04-01,Production,26,26,0,0,0,0,0,3,208,226,18.0,10.0,56,No,35,100.0,Yes
ATT-202604-EMP0060,EMP0060,2026-04-01,Production,26,26,0,0,0,0,0,3,208,235,27.5,10.0,56,No,27,100.0,Yes
ATT-202604-EMP0061,EMP0061,2026-04-01,Production,26,22,3,0,1,0,0,4,208,202,26.2,10.5,58,No,28,84.62,No
ATT-202604-EMP0062,EMP0062,2026-04-01,Human Resources,26,23,3,0,0,0,0,3,208,189,5.2,12.0,52,No,8,88.46,No
ATT-202604-EMP0063,EMP0063,2026-04-01,Supply Chain,26,23,2,1,0,0,1,1,208,184,0,9.0,52,No,20,88.46,Yes
ATT-202604-EMP0064,EMP0064,2026-04-01,Maintenance,26,25,1,0,0,0,0,2,208,213,13.8,10.5,52,No,20,96.15,No
ATT-202604-EMP0065,EMP0065,2026-04-01,Maintenance,26,25,0,0,1,0,0,1,208,217,17.3,9.0,48,Yes,16,96.15,No
ATT-202604-EMP0066,EMP0066,2026-04-01,Finance & Accounts,26,22,3,0,1,0,0,1,208,180,4.7,10.0,60,No,23,84.62,Yes
ATT-202604-EMP0067,EMP0067,2026-04-01,Administration,26,23,2,0,0,1,0,0,208,188,4.2,10.0,60,No,4,88.46,Yes
ATT-202604-EMP0068,EMP0068,2026-04-01,Information Technology,26,25,0,0,0,1,0,1,208,206,6.6,10.0,60,No,14,96.15,Yes
ATT-202604-EMP0069,EMP0069,2026-04-01,Quality Assurance,26,23,2,0,1,0,0,2,208,187,3.1,12.0,56,No,16,88.46,No
ATT-202604-EMP0070,EMP0070,2026-04-01,Production,26,25,1,0,0,0,0,0,208,220,20.1,10.5,48,No,7,96.15,No
ATT-202604-EMP0071,EMP0071,2026-04-01,Production,26,26,0,0,0,0,0,3,208,219,11.5,10.5,56,No,7,100.0,No
ATT-202604-EMP0072,EMP0072,2026-04-01,Information Technology,26,24,0,1,1,0,0,0,208,204,12.3,10.0,48,No,4,92.31,Yes
ATT-202604-EMP0073,EMP0073,2026-04-01,Quality Assurance,26,24,2,0,0,0,0,1,208,192,0,10.0,52,No,12,92.31,Yes
ATT-202604-EMP0074,EMP0074,2026-04-01,Production,26,25,0,0,1,0,0,1,208,210,10.2,8.0,60,No,28,96.15,Yes
ATT-202604-EMP0075,EMP0075,2026-04-01,Information Technology,26,22,2,2,0,0,0,0,208,177,1.6,11.0,52,No,4,84.62,No
ATT-202604-EMP0076,EMP0076,2026-04-01,Production,26,24,1,0,0,1,0,2,208,194,2.7,9.0,58,No,31,92.31,Yes
ATT-202604-EMP0077,EMP0077,2026-04-01,Supply Chain,26,22,1,0,0,3,0,2,208,192,16.9,10.0,52,No,20,84.62,Yes
ATT-202604-EMP0078,EMP0078,2026-04-01,Finance & Accounts,26,26,0,0,0,0,0,1,208,213,5.4,9.0,52,No,4,100.0,Yes
ATT-202604-EMP0079,EMP0079,2026-04-01,Maintenance,26,25,1,0,0,0,0,1,208,217,17.4,10.0,58,No,14,96.15,Yes
ATT-202604-EMP0080,EMP0080,2026-04-01,Supply Chain,26,25,1,0,0,0,0,0,208,203,3.5,10.0,52,No,34,96.15,Yes
ATT-202604-EMP0081,EMP0081,2026-04-01,Finance & Accounts,26,23,3,0,0,0,0,2,208,184,0.0,9.0,52,No,24,88.46,Yes
ATT-202604-EMP0082,EMP0082,2026-04-01,Sales & Marketing,26,24,2,0,0,0,0,0,208,193,1.7,10.0,62,Yes,7,92.31,No
ATT-202604-EMP0083,EMP0083,2026-04-01,Information Technology,26,26,0,0,0,0,0,0,208,208,0.3,9.0,52,No,32,100.0,Yes
ATT-202604-EMP0084,EMP0084,2026-04-01,Human Resources,26,25,0,1,0,0,0,1,208,202,2.2,10.0,56,No,7,96.15,Yes
ATT-202604-EMP0085,EMP0085,2026-04-01,Supply Chain,26,22,1,2,1,0,0,1,208,179,3.3,9.0,48,No,14,84.62,Yes
ATT-202604-EMP0086,EMP0086,2026-04-01,Quality Assurance,26,26,0,0,0,0,0,3,208,225,17.0,8.0,56,No,24,100.0,Yes
ATT-202604-EMP0087,EMP0087,2026-04-01,Sales & Marketing,26,25,0,0,1,0,0,2,208,220,20.0,11.0,52,No,10,96.15,No
ATT-202604-EMP0088,EMP0088,2026-04-01,Human Resources,26,26,0,0,0,0,0,2,208,227,19.5,8.0,52,No,20,100.0,Yes
ATT-202604-EMP0089,EMP0089,2026-04-01,Finance & Accounts,26,26,0,0,0,0,0,0,208,211,3.2,8.0,60,No,14,100.0,Yes
ATT-202604-EMP0090,EMP0090,2026-04-01,Production,26,23,0,1,2,0,0,1,208,207,23.2,10.5,56,No,22,88.46,No
ATT-202604-EMP0091,EMP0091,2026-04-01,Quality Assurance,26,23,3,0,0,0,1,3,208,191,7.0,10.0,58,No,34,88.46,Yes
ATT-202604-EMP0092,EMP0092,2026-04-01,Quality Assurance,26,24,2,0,0,0,0,1,208,207,15.0,11.0,56,No,14,92.31,No
ATT-202604-EMP0093,EMP0093,2026-04-01,Finance & Accounts,26,22,1,0,0,3,0,0,208,180,4.6,11.0,56,No,27,84.62,No
ATT-202604-EMP0094,EMP0094,2026-04-01,Human Resources,26,26,0,0,0,0,0,3,208,222,14.2,9.0,56,No,26,100.0,Yes
ATT-202604-EMP0095,EMP0095,2026-04-01,Production,26,24,2,0,0,0,0,5,208,207,15.2,10.0,52,No,4,92.31,Yes
ATT-202604-EMP0096,EMP0096,2026-04-01,Administration,26,26,0,0,0,0,0,1,208,210,2.8,10.0,60,No,20,100.0,Yes
ATT-202604-EMP0097,EMP0097,2026-04-01,Finance & Accounts,26,26,0,0,0,0,0,1,208,208,0,10.0,52,No,24,100.0,Yes
ATT-202604-EMP0098,EMP0098,2026-04-01,Quality Assurance,26,25,1,0,0,0,0,1,208,227,27.6,9.0,60,Yes,11,96.15,No
ATT-202604-EMP0099,EMP0099,2026-04-01,Information Technology,26,24,0,0,2,0,0,3,208,192,0.0,11.0,48,No,35,92.31,No
ATT-202604-EMP0100,EMP0100,2026-04-01,Information Technology,26,23,3,0,0,0,0,1,208,184,0,8.0,60,No,3,88.46,Yes
ATT-202604-EMP0101,EMP0101,2026-04-01,Administration,26,24,1,0,1,0,0,1,208,200,8.6,9.0,56,No,16,92.31,Yes
ATT-202604-EMP0102,EMP0102,2026-04-01,Finance & Accounts,26,25,1,0,0,0,0,0,208,215,15.6,12.0,56,No,5,96.15,No
ATT-202604-EMP0103,EMP0103,2026-04-01,Administration,26,23,2,0,0,1,0,0,208,196,12.6,8.0,60,No,35,88.46,Yes
ATT-202604-EMP0104,EMP0104,2026-04-01,Information Technology,26,24,0,0,0,2,0,1,208,195,3.3,8.0,56,No,27,92.31,Yes
ATT-202604-EMP0105,EMP0105,2026-04-01,Administration,26,21,1,0,2,2,0,1,208,177,9.6,10.0,52,No,9,80.77,Yes
ATT-202604-EMP0106,EMP0106,2026-04-01,Human Resources,26,20,2,2,2,0,0,1,208,160,0.2,11.0,52,No,6,76.92,No
ATT-202604-EMP0107,EMP0107,2026-04-01,Supply Chain,26,26,0,0,0,0,0,2,208,224,16.7,9.0,62,No,27,100.0,No
ATT-202604-EMP0108,EMP0108,2026-04-01,Production,26,25,1,0,0,0,0,3,208,219,19.6,8.0,56,No,31,96.15,Yes
ATT-202604-EMP0109,EMP0109,2026-04-01,Quality Assurance,26,21,1,0,2,2,1,5,208,170,2.9,9.0,60,No,25,80.77,Yes
ATT-202604-EMP0110,EMP0110,2026-04-01,Sales & Marketing,26,22,4,0,0,0,0,1,208,187,11.9,8.0,56,Yes,10,84.62,No
ATT-202604-EMP0111,EMP0111,2026-04-01,Human Resources,26,26,0,0,0,0,0,0,208,216,8.8,10.0,52,No,15,100.0,Yes
ATT-202604-EMP0112,EMP0112,2026-04-01,Production,26,26,0,0,0,0,0,1,208,236,28.2,9.0,52,No,28,100.0,Yes
ATT-202604-EMP0113,EMP0113,2026-04-01,Maintenance,10,9,0,0,1,0,0,2,83,88,16.0,8.0,48,No,15,90.0,Yes
ATT-202604-EMP0116,EMP0116,2026-04-01,Production,9,6,0,2,0,1,0,4,72,62,14.4,10.0,52,No,32,66.67,Yes
ATT-202604-EMP0118,EMP0118,2026-04-01,Supply Chain,26,24,2,0,0,0,0,0,208,192,0,8.0,52,No,29,92.31,Yes
ATT-202605-EMP0001,EMP0001,2026-05-01,Quality Assurance,26,25,1,0,0,0,0,4,208,202,2.8,10.0,56,No,20,96.15,Yes
ATT-202605-EMP0002,EMP0002,2026-05-01,Maintenance,26,25,1,0,0,0,0,1,208,222,22.1,8.0,48,No,3,96.15,Yes
ATT-202605-EMP0003,EMP0003,2026-05-01,Production,26,23,1,1,1,0,0,3,208,187,3.8,8.0,52,No,9,88.46,Yes
ATT-202605-EMP0004,EMP0004,2026-05-01,Supply Chain,26,22,2,2,0,0,0,0,208,176,0,10.5,56,No,34,84.62,No
ATT-202605-EMP0005,EMP0005,2026-05-01,Human Resources,26,24,2,0,0,0,1,0,208,199,7.1,8.0,48,No,28,92.31,Yes
ATT-202605-EMP0006,EMP0006,2026-05-01,Production,26,24,1,0,1,0,0,0,208,192,0.6,9.0,56,No,17,92.31,Yes
ATT-202605-EMP0007,EMP0007,2026-05-01,Production,26,26,0,0,0,0,1,2,208,218,10.3,10.0,56,No,13,100.0,Yes
ATT-202605-EMP0008,EMP0008,2026-05-01,Sales & Marketing,26,25,0,0,1,0,0,3,208,207,7.5,8.0,56,No,30,96.15,Yes
ATT-202605-EMP0009,EMP0009,2026-05-01,Information Technology,26,24,1,1,0,0,0,1,208,202,10.8,8.0,48,No,6,92.31,Yes
ATT-202605-EMP0010,EMP0010,2026-05-01,Sales & Marketing,26,23,0,0,1,2,0,0,208,189,5.6,11.0,48,No,16,88.46,No
ATT-202605-EMP0011,EMP0011,2026-05-01,Human Resources,26,22,3,0,0,1,0,2,208,179,3.5,10.0,48,No,22,84.62,Yes
ATT-202605-EMP0012,EMP0012,2026-05-01,Quality Assurance,26,22,4,0,0,0,0,0,208,180,4.3,9.0,52,No,4,84.62,Yes
ATT-202605-EMP0013,EMP0013,2026-05-01,Maintenance,26,24,1,0,0,1,0,0,208,206,14.2,8.0,52,No,16,92.31,Yes
ATT-202605-EMP0014,EMP0014,2026-05-01,Maintenance,26,24,2,0,0,0,0,3,208,228,36.2,10.0,48,No,20,92.31,Yes
ATT-202605-EMP0015,EMP0015,2026-05-01,Maintenance,26,23,0,1,0,2,0,0,208,200,16.9,9.0,56,No,28,88.46,Yes
ATT-202605-EMP0016,EMP0016,2026-05-01,Finance & Accounts,26,24,0,0,1,1,0,1,208,193,1.7,8.0,56,No,27,92.31,Yes
ATT-202605-EMP0017,EMP0017,2026-05-01,Production,26,24,2,0,0,0,0,1,208,216,24.6,10.0,60,No,11,92.31,Yes
ATT-202605-EMP0018,EMP0018,2026-05-01,Administration,26,23,2,1,0,0,0,1,208,202,18.2,9.0,58,No,4,88.46,Yes
ATT-202605-EMP0019,EMP0019,2026-05-01,Maintenance,26,22,3,0,0,1,0,5,208,188,12.2,10.0,58,No,12,84.62,Yes
ATT-202605-EMP0020,EMP0020,2026-05-01,Sales & Marketing,26,26,0,0,0,0,0,0,208,220,12.8,10.0,48,No,29,100.0,Yes
ATT-202605-EMP0021,EMP0021,2026-05-01,Quality Assurance,26,26,0,0,0,0,0,0,208,220,12.3,11.0,48,No,12,100.0,No
ATT-202605-EMP0022,EMP0022,2026-05-01,Sales & Marketing,26,26,0,0,0,0,0,0,208,214,6.7,10.0,52,No,32,100.0,Yes
ATT-202605-EMP0023,EMP0023,2026-05-01,Quality Assurance,26,24,1,0,1,0,0,0,208,212,20.5,10.0,58,No,13,92.31,Yes
ATT-202605-EMP0024,EMP0024,2026-05-01,Supply Chain,26,24,2,0,0,0,0,0,208,203,11.9,10.0,52,No,29,92.31,Yes
ATT-202605-EMP0025,EMP0025,2026-05-01,Supply Chain,26,22,2,1,1,0,0,3,208,178,2.6,10.0,52,No,30,84.62,Yes
ATT-202605-EMP0026,EMP0026,2026-05-01,Administration,26,26,0,0,0,0,0,0,208,216,8.3,11.0,48,No,13,100.0,No
ATT-202605-EMP0027,EMP0027,2026-05-01,Production,26,26,0,0,0,0,0,2,208,220,12.1,10.0,58,Yes,17,100.0,No
ATT-202605-EMP0028,EMP0028,2026-05-01,Production,26,25,1,0,0,0,0,0,208,217,17.1,10.0,56,No,34,96.15,Yes
ATT-202605-EMP0029,EMP0029,2026-05-01,Information Technology,26,26,0,0,0,0,0,3,208,215,7.7,8.0,56,No,8,100.0,Yes
ATT-202605-EMP0030,EMP0030,2026-05-01,Information Technology,26,26,0,0,0,0,0,5,208,210,2.8,10.0,52,No,13,100.0,Yes
ATT-202605-EMP0031,EMP0031,2026-05-01,Administration,26,24,1,0,0,1,0,1,208,197,5.5,10.0,56,No,26,92.31,Yes
ATT-202605-EMP0032,EMP0032,2026-05-01,Production,26,23,1,0,0,2,0,4,208,209,25.1,10.5,48,No,35,88.46,No
ATT-202605-EMP0033,EMP0033,2026-05-01,Sales & Marketing,26,23,1,2,0,0,0,1,208,184,0.1,12.0,48,No,9,88.46,No
ATT-202605-EMP0034,EMP0034,2026-05-01,Production,26,24,1,0,1,0,0,2,208,201,9.5,9.0,56,No,32,92.31,Yes
ATT-202605-EMP0035,EMP0035,2026-05-01,Production,26,21,3,1,0,1,0,0,208,177,9.1,9.0,48,No,27,80.77,Yes
ATT-202605-EMP0036,EMP0036,2026-05-01,Administration,26,26,0,0,0,0,0,5,208,227,19.0,10.5,58,No,26,100.0,No
ATT-202605-EMP0037,EMP0037,2026-05-01,Production,26,25,1,0,0,0,0,2,208,230,30.3,9.0,52,No,32,96.15,Yes
ATT-202605-EMP0038,EMP0038,2026-05-01,Human Resources,26,23,2,0,1,0,0,2,208,190,6.3,10.0,52,Yes,30,88.46,No
ATT-202605-EMP0039,EMP0039,2026-05-01,Administration,26,26,0,0,0,0,0,0,208,208,0,9.0,56,Yes,8,100.0,No
ATT-202605-EMP0040,EMP0040,2026-05-01,Sales & Marketing,26,22,1,0,2,1,0,1,208,181,5.4,11.0,60,Yes,6,84.62,No
ATT-202605-EMP0041,EMP0041,2026-05-01,Human Resources,26,23,3,0,0,0,0,0,208,189,5.3,10.0,56,No,31,88.46,Yes
ATT-202605-EMP0042,EMP0042,2026-05-01,Information Technology,26,23,0,2,0,1,0,3,208,192,8.2,9.0,62,No,4,88.46,No
ATT-202605-EMP0043,EMP0043,2026-05-01,Sales & Marketing,26,25,0,1,0,0,0,0,208,210,10.5,10.0,56,No,2,96.15,Yes
ATT-202605-EMP0044,EMP0044,2026-05-01,Sales & Marketing,26,25,1,0,0,0,0,3,208,200,0,9.0,58,No,8,96.15,Yes
ATT-202605-EMP0045,EMP0045,2026-05-01,Production,26,26,0,0,0,0,0,2,208,226,18.8,9.0,52,Yes,21,100.0,No
ATT-202605-EMP0046,EMP0046,2026-05-01,Production,26,26,0,0,0,0,0,2,208,212,4.2,10.0,52,No,13,100.0,Yes
ATT-202605-EMP0047,EMP0047,2026-05-01,Quality Assurance,26,25,0,0,0,1,0,5,208,223,23.2,10.5,56,No,15,96.15,No
ATT-202605-EMP0048,EMP0048,2026-05-01,Finance & Accounts,26,26,0,0,0,0,0,1,208,232,24.1,11.0,58,No,10,100.0,No
ATT-202605-EMP0049,EMP0049,2026-05-01,Supply Chain,26,23,3,0,0,0,0,4,208,189,5.9,10.0,56,No,7,88.46,Yes
ATT-202605-EMP0050,EMP0050,2026-05-01,Production,26,26,0,0,0,0,0,2,208,225,17.4,10.0,60,No,6,100.0,Yes
ATT-202605-EMP0051,EMP0051,2026-05-01,Sales & Marketing,26,22,2,1,0,1,1,5,208,185,9.8,9.0,52,No,31,84.62,Yes
ATT-202605-EMP0052,EMP0052,2026-05-01,Information Technology,26,26,0,0,0,0,0,1,208,208,0,10.0,56,No,8,100.0,Yes
ATT-202605-EMP0053,EMP0053,2026-05-01,Production,26,24,2,0,0,0,0,2,208,196,4.1,8.0,48,No,18,92.31,Yes
ATT-202605-EMP0054,EMP0054,2026-05-01,Administration,26,26,0,0,0,0,0,2,208,224,16.6,9.0,56,No,6,100.0,Yes
ATT-202605-EMP0055,EMP0055,2026-05-01,Human Resources,26,26,0,0,0,0,1,0,208,209,1.6,10.0,48,No,34,100.0,Yes
ATT-202605-EMP0056,EMP0056,2026-05-01,Finance & Accounts,26,26,0,0,0,0,0,5,208,208,0,10.0,52,No,8,100.0,Yes
ATT-202605-EMP0057,EMP0057,2026-05-01,Administration,26,25,0,0,0,1,0,1,208,203,3.6,8.0,60,No,4,96.15,Yes
ATT-202605-EMP0058,EMP0058,2026-05-01,Supply Chain,26,22,3,0,1,0,0,0,208,192,16.5,10.5,48,No,18,84.62,No
ATT-202605-EMP0059,EMP0059,2026-05-01,Production,26,23,1,0,1,1,0,1,208,195,11.9,9.0,56,No,20,88.46,Yes
ATT-202605-EMP0060,EMP0060,2026-05-01,Production,26,25,1,0,0,0,0,0,208,229,29.7,10.5,60,No,20,96.15,No
ATT-202605-EMP0061,EMP0061,2026-05-01,Production,26,22,0,2,1,1,0,1,208,191,15.2,9.0,58,Yes,29,84.62,No
ATT-202605-EMP0062,EMP0062,2026-05-01,Human Resources,26,26,0,0,0,0,0,1,208,226,18.5,10.0,56,No,7,100.0,Yes
ATT-202605-EMP0063,EMP0063,2026-05-01,Supply Chain,26,24,1,1,0,0,0,4,208,206,14.3,10.0,52,No,20,92.31,Yes
ATT-202605-EMP0064,EMP0064,2026-05-01,Maintenance,26,24,0,2,0,0,1,1,208,200,8.7,8.0,58,No,11,92.31,Yes
ATT-202605-EMP0065,EMP0065,2026-05-01,Maintenance,26,23,2,0,0,1,0,4,208,192,8.8,10.0,48,No,20,88.46,Yes
ATT-202605-EMP0066,EMP0066,2026-05-01,Finance & Accounts,26,20,2,1,0,3,0,3,208,166,6.4,10.0,52,No,27,76.92,Yes
ATT-202605-EMP0067,EMP0067,2026-05-01,Administration,26,24,0,1,0,1,0,1,208,193,1.6,9.0,56,Yes,14,92.31,No
ATT-202605-EMP0068,EMP0068,2026-05-01,Information Technology,26,25,0,0,0,1,0,1,208,209,9.3,8.0,52,No,11,96.15,Yes
ATT-202605-EMP0069,EMP0069,2026-05-01,Quality Assurance,26,25,1,0,0,0,0,0,208,202,2.4,12.0,60,No,35,96.15,No
ATT-202605-EMP0070,EMP0070,2026-05-01,Production,26,22,4,0,0,0,0,1,208,204,28.1,9.0,56,No,28,84.62,Yes
ATT-202605-EMP0071,EMP0071,2026-05-01,Production,26,26,0,0,0,0,0,1,208,235,27.4,10.0,60,No,10,100.0,Yes
ATT-202605-EMP0072,EMP0072,2026-05-01,Information Technology,26,25,0,0,1,0,0,3,208,216,16.7,9.0,56,No,13,96.15,Yes
ATT-202605-EMP0073,EMP0073,2026-05-01,Quality Assurance,26,24,0,2,0,0,0,3,208,192,0,10.5,52,No,28,92.31,No
ATT-202605-EMP0074,EMP0074,2026-05-01,Production,26,26,0,0,0,0,0,3,208,234,26.1,9.0,52,No,20,100.0,Yes
ATT-202605-EMP0075,EMP0075,2026-05-01,Information Technology,26,25,1,0,0,0,0,2,208,200,0.3,9.0,60,No,21,96.15,Yes
ATT-202605-EMP0076,EMP0076,2026-05-01,Production,26,25,0,0,0,1,0,3,208,216,16.0,12.0,52,No,10,96.15,No
ATT-202605-EMP0077,EMP0077,2026-05-01,Supply Chain,26,25,1,0,0,0,0,2,208,200,0,10.0,58,No,9,96.15,Yes
ATT-202605-EMP0078,EMP0078,2026-05-01,Finance & Accounts,26,26,0,0,0,0,0,1,208,211,3.1,11.0,52,No,5,100.0,No
ATT-202605-EMP0079,EMP0079,2026-05-01,Maintenance,26,24,1,0,1,0,0,1,208,205,13.3,9.0,56,No,30,92.31,Yes
ATT-202605-EMP0080,EMP0080,2026-05-01,Supply Chain,26,26,0,0,0,0,0,2,208,209,1.3,10.5,48,No,3,100.0,No
ATT-202605-EMP0081,EMP0081,2026-05-01,Finance & Accounts,26,21,0,1,1,3,0,2,208,175,7.3,11.0,48,No,5,80.77,No
ATT-202605-EMP0082,EMP0082,2026-05-01,Sales & Marketing,26,23,1,1,0,1,0,2,208,186,2.5,8.0,56,No,9,88.46,Yes
ATT-202605-EMP0083,EMP0083,2026-05-01,Information Technology,26,21,3,0,1,1,0,0,208,182,14.5,8.0,48,No,24,80.77,Yes
ATT-202605-EMP0084,EMP0084,2026-05-01,Human Resources,26,24,1,0,1,0,0,1,208,202,10.8,10.0,58,No,28,92.31,Yes
ATT-202605-EMP0085,EMP0085,2026-05-01,Supply Chain,26,26,0,0,0,0,0,0,208,208,0,10.0,48,No,19,100.0,Yes
ATT-202605-EMP0086,EMP0086,2026-05-01,Quality Assurance,26,21,3,2,0,0,0,0,208,200,32.7,9.0,56,Yes,14,80.77,No
ATT-202605-EMP0087,EMP0087,2026-05-01,Sales & Marketing,26,24,2,0,0,0,0,1,208,203,11.0,10.0,58,No,2,92.31,Yes
ATT-202605-EMP0088,EMP0088,2026-05-01,Human Resources,26,26,0,0,0,0,0,5,208,219,11.6,10.0,58,No,32,100.0,Yes
ATT-202605-EMP0089,EMP0089,2026-05-01,Finance & Accounts,26,24,1,0,1,0,1,0,208,202,10.7,9.0,56,No,5,92.31,Yes
ATT-202605-EMP0090,EMP0090,2026-05-01,Production,26,24,2,0,0,0,0,2,208,211,19.9,9.0,48,No,24,92.31,Yes
ATT-202605-EMP0091,EMP0091,2026-05-01,Quality Assurance,26,25,1,0,0,0,0,5,208,215,15.6,9.0,48,No,7,96.15,Yes
ATT-202605-EMP0092,EMP0092,2026-05-01,Quality Assurance,26,24,0,1,0,1,0,2,208,192,0,10.0,58,No,25,92.31,Yes
ATT-202605-EMP0093,EMP0093,2026-05-01,Finance & Accounts,26,26,0,0,0,0,0,3,208,221,13.1,8.0,62,Yes,32,100.0,No
ATT-202605-EMP0094,EMP0094,2026-05-01,Human Resources,26,21,4,1,0,0,0,1,208,175,7.4,9.0,58,No,3,80.77,Yes
ATT-202605-EMP0095,EMP0095,2026-05-01,Production,26,26,0,0,0,0,0,4,208,233,25.7,9.0,58,No,34,100.0,Yes
ATT-202605-EMP0096,EMP0096,2026-05-01,Administration,26,20,4,1,0,1,0,3,208,180,20.0,9.0,56,No,5,76.92,Yes
ATT-202605-EMP0097,EMP0097,2026-05-01,Finance & Accounts,26,23,2,1,0,0,0,0,208,196,12.0,10.0,58,No,8,88.46,Yes
ATT-202605-EMP0098,EMP0098,2026-05-01,Quality Assurance,26,24,2,0,0,0,0,2,208,218,26.3,11.0,52,No,17,92.31,No
ATT-202605-EMP0099,EMP0099,2026-05-01,Information Technology,26,25,1,0,0,0,0,1,208,200,0,9.0,56,No,33,96.15,Yes
ATT-202605-EMP0100,EMP0100,2026-05-01,Information Technology,26,23,2,0,1,0,0,2,208,189,5.7,10.0,52,No,7,88.46,Yes
ATT-202605-EMP0101,EMP0101,2026-05-01,Administration,26,22,3,0,1,0,0,3,208,181,5.9,10.0,62,No,10,84.62,No
ATT-202605-EMP0102,EMP0102,2026-05-01,Finance & Accounts,26,24,2,0,0,0,0,2,208,199,7.6,11.0,56,Yes,29,92.31,No
ATT-202605-EMP0103,EMP0103,2026-05-01,Administration,26,25,1,0,0,0,0,1,208,209,9.7,9.0,48,No,22,96.15,Yes
ATT-202605-EMP0104,EMP0104,2026-05-01,Information Technology,26,26,0,0,0,0,0,1,208,210,2.1,9.0,52,No,26,100.0,Yes
ATT-202605-EMP0105,EMP0105,2026-05-01,Administration,26,26,0,0,0,0,0,1,208,218,10.5,10.0,48,No,20,100.0,Yes
ATT-202605-EMP0106,EMP0106,2026-05-01,Human Resources,26,24,1,0,1,0,0,2,208,195,3.3,11.0,58,No,33,92.31,No
ATT-202605-EMP0107,EMP0107,2026-05-01,Supply Chain,26,22,1,0,1,2,0,1,208,184,8.8,12.0,60,No,25,84.62,No
ATT-202605-EMP0108,EMP0108,2026-05-01,Production,26,24,0,0,1,1,0,1,208,209,17.9,10.0,48,No,20,92.31,Yes
ATT-202605-EMP0109,EMP0109,2026-05-01,Quality Assurance,26,23,2,0,0,1,0,1,208,185,1.9,8.0,48,No,7,88.46,Yes
ATT-202605-EMP0110,EMP0110,2026-05-01,Sales & Marketing,26,25,1,0,0,0,0,1,208,200,0,8.0,52,No,15,96.15,Yes
ATT-202605-EMP0111,EMP0111,2026-05-01,Human Resources,26,25,0,0,0,1,1,1,208,200,0,10.0,58,No,19,96.15,Yes
ATT-202605-EMP0112,EMP0112,2026-05-01,Production,26,21,2,2,1,0,0,0,208,179,11.7,9.0,58,No,27,80.77,Yes
ATT-202605-EMP0118,EMP0118,2026-05-01,Supply Chain,26,22,3,1,0,0,0,0,208,177,1.4,9.0,56,No,32,84.62,Yes
ATT-202606-EMP0001,EMP0001,2026-06-01,Quality Assurance,26,23,3,0,0,0,0,1,208,185,1.8,10.0,62,No,32,88.46,No
ATT-202606-EMP0002,EMP0002,2026-06-01,Maintenance,26,26,0,0,0,0,0,0,208,210,2.9,11.0,52,Yes,19,100.0,No
ATT-202606-EMP0003,EMP0003,2026-06-01,Production,26,26,0,0,0,0,0,5,208,211,3.2,9.0,62,No,35,100.0,No
ATT-202606-EMP0004,EMP0004,2026-06-01,Supply Chain,26,23,1,2,0,0,0,2,208,184,0,10.0,56,No,17,88.46,Yes
ATT-202606-EMP0005,EMP0005,2026-06-01,Human Resources,26,25,0,1,0,0,0,1,208,219,19.4,8.0,48,No,26,96.15,Yes
ATT-202606-EMP0006,EMP0006,2026-06-01,Production,26,25,0,0,1,0,0,4,208,202,2.4,9.0,62,No,11,96.15,No
ATT-202606-EMP0007,EMP0007,2026-06-01,Production,26,26,0,0,0,0,0,3,208,234,26.0,10.0,60,No,16,100.0,Yes
ATT-202606-EMP0008,EMP0008,2026-06-01,Sales & Marketing,26,23,0,1,0,2,0,0,208,184,0,9.0,48,Yes,24,88.46,No
ATT-202606-EMP0009,EMP0009,2026-06-01,Information Technology,26,26,0,0,0,0,0,0,208,226,18.0,8.0,52,No,34,100.0,Yes
ATT-202606-EMP0010,EMP0010,2026-06-01,Sales & Marketing,26,23,2,0,0,1,0,2,208,189,5.4,10.0,48,No,26,88.46,Yes
ATT-202606-EMP0011,EMP0011,2026-06-01,Human Resources,26,24,2,0,0,0,0,5,208,199,7.3,10.0,48,No,32,92.31,Yes
ATT-202606-EMP0012,EMP0012,2026-06-01,Quality Assurance,26,23,3,0,0,0,0,4,208,187,3.7,9.0,48,Yes,16,88.46,No
ATT-202606-EMP0013,EMP0013,2026-06-01,Maintenance,26,25,1,0,0,0,0,3,208,228,28.0,9.0,62,No,19,96.15,No
ATT-202606-EMP0014,EMP0014,2026-06-01,Maintenance,26,24,2,0,0,0,0,0,208,211,19.9,10.0,60,No,15,92.31,Yes
ATT-202606-EMP0015,EMP0015,2026-06-01,Maintenance,26,25,1,0,0,0,0,1,208,220,20.4,10.0,60,No,26,96.15,Yes
ATT-202606-EMP0016,EMP0016,2026-06-01,Finance & Accounts,26,26,0,0,0,0,0,2,208,208,0.8,10.0,52,No,5,100.0,Yes
ATT-202606-EMP0017,EMP0017,2026-06-01,Production,26,21,1,1,0,3,0,0,208,187,19.5,8.0,56,No,11,80.77,Yes
ATT-202606-EMP0018,EMP0018,2026-06-01,Administration,26,22,1,0,0,3,0,3,208,188,12.1,9.0,60,No,20,84.62,Yes
ATT-202606-EMP0019,EMP0019,2026-06-01,Maintenance,26,23,3,0,0,0,0,1,208,188,4.5,9.0,58,No,12,88.46,Yes
ATT-202606-EMP0020,EMP0020,2026-06-01,Sales & Marketing,26,23,3,0,0,0,0,0,208,188,4.4,10.0,58,No,18,88.46,Yes
ATT-202606-EMP0021,EMP0021,2026-06-01,Quality Assurance,26,22,4,0,0,0,0,1,208,197,21.4,9.0,62,No,23,84.62,No
ATT-202606-EMP0022,EMP0022,2026-06-01,Sales & Marketing,26,21,3,1,1,0,0,4,208,185,17.6,10.0,48,No,22,80.77,Yes
ATT-202606-EMP0023,EMP0023,2026-06-01,Quality Assurance,26,24,2,0,0,0,0,0,208,217,25.6,10.0,65,No,32,92.31,No
ATT-202606-EMP0024,EMP0024,2026-06-01,Supply Chain,26,22,3,1,0,0,0,0,208,186,10.8,9.0,48,No,9,84.62,Yes
ATT-202606-EMP0025,EMP0025,2026-06-01,Supply Chain,26,25,1,0,0,0,0,0,208,205,5.7,10.0,58,No,2,96.15,Yes
ATT-202606-EMP0026,EMP0026,2026-06-01,Administration,26,24,2,0,0,0,0,1,208,217,25.6,10.0,52,No,2,92.31,Yes
ATT-202606-EMP0027,EMP0027,2026-06-01,Production,26,22,2,1,1,0,0,3,208,188,12.7,10.0,60,No,21,84.62,Yes
ATT-202606-EMP0028,EMP0028,2026-06-01,Production,26,25,1,0,0,0,0,2,208,217,17.1,10.0,58,No,2,96.15,Yes
ATT-202606-EMP0029,EMP0029,2026-06-01,Information Technology,26,25,0,1,0,0,0,3,208,216,16.1,11.0,52,No,19,96.15,No
ATT-202606-EMP0030,EMP0030,2026-06-01,Information Technology,26,23,3,0,0,0,0,0,208,189,5.3,9.0,48,No,24,88.46,Yes
ATT-202606-EMP0031,EMP0031,2026-06-01,Administration,26,25,1,0,0,0,0,0,208,203,3.9,8.0,52,No,10,96.15,Yes
ATT-202606-EMP0032,EMP0032,2026-06-01,Production,26,22,2,0,1,1,0,5,208,209,33.1,8.0,58,Yes,25,84.62,No
ATT-202606-EMP0033,EMP0033,2026-06-01,Sales & Marketing,26,23,2,0,0,1,0,4,208,184,0,10.5,58,No,35,88.46,No
ATT-202606-EMP0034,EMP0034,2026-06-01,Production,26,23,1,2,0,0,0,0,208,201,17.0,10.5,52,No,31,88.46,No
ATT-202606-EMP0035,EMP0035,2026-06-01,Production,26,24,2,0,0,0,0,0,208,212,20.8,8.0,62,No,9,92.31,No
ATT-202606-EMP0036,EMP0036,2026-06-01,Administration,26,26,0,0,0,0,0,0,208,209,1.4,8.0,48,No,25,100.0,Yes
ATT-202606-EMP0037,EMP0037,2026-06-01,Production,26,22,2,0,2,0,0,1,208,196,20.8,10.0,48,No,19,84.62,Yes
ATT-202606-EMP0038,EMP0038,2026-06-01,Human Resources,26,26,0,0,0,0,0,0,208,208,0,10.5,56,No,30,100.0,No
ATT-202606-EMP0039,EMP0039,2026-06-01,Administration,26,23,2,0,1,0,0,1,208,190,6.6,9.0,48,No,14,88.46,Yes
ATT-202606-EMP0040,EMP0040,2026-06-01,Sales & Marketing,26,25,0,1,0,0,0,3,208,200,0,9.0,48,No,11,96.15,Yes
ATT-202606-EMP0041,EMP0041,2026-06-01,Human Resources,26,24,1,0,0,1,0,1,208,204,12.0,12.0,52,No,26,92.31,No
ATT-202606-EMP0042,EMP0042,2026-06-01,Information Technology,26,25,1,0,0,0,0,0,208,211,11.0,10.0,48,No,16,96.15,Yes
ATT-202606-EMP0043,EMP0043,2026-06-01,Sales & Marketing,26,26,0,0,0,0,1,0,208,210,2.2,8.0,48,No,28,100.0,Yes
ATT-202606-EMP0044,EMP0044,2026-06-01,Sales & Marketing,26,22,3,0,0,1,0,0,208,181,5.0,8.0,60,No,21,84.62,Yes
ATT-202606-EMP0045,EMP0045,2026-06-01,Production,26,23,2,0,0,1,0,3,208,196,12.5,8.0,48,No,35,88.46,Yes
ATT-202606-EMP0046,EMP0046,2026-06-01,Production,26,25,0,0,0,1,0,0,208,209,9.9,10.0,56,No,18,96.15,Yes
ATT-202606-EMP0047,EMP0047,2026-06-01,Quality Assurance,26,26,0,0,0,0,0,2,208,222,14.6,10.0,52,No,20,100.0,Yes
ATT-202606-EMP0048,EMP0048,2026-06-01,Finance & Accounts,26,24,2,0,0,0,0,0,208,200,8.6,10.0,60,Yes,14,92.31,No
ATT-202606-EMP0049,EMP0049,2026-06-01,Supply Chain,26,25,1,0,0,0,0,0,208,208,8.4,10.5,58,Yes,3,96.15,No
ATT-202606-EMP0050,EMP0050,2026-06-01,Production,26,26,0,0,0,0,0,1,208,231,23.3,10.0,58,No,20,100.0,Yes
ATT-202606-EMP0051,EMP0051,2026-06-01,Sales & Marketing,26,25,0,1,0,0,0,3,208,205,5.2,8.0,60,No,26,96.15,Yes
ATT-202606-EMP0052,EMP0052,2026-06-01,Information Technology,26,24,1,0,1,0,0,3,208,195,3.0,10.0,56,No,26,92.31,Yes
ATT-202606-EMP0053,EMP0053,2026-06-01,Production,26,24,0,1,1,0,0,4,208,192,0,9.0,60,No,17,92.31,Yes
ATT-202606-EMP0054,EMP0054,2026-06-01,Administration,26,22,3,0,0,1,0,2,208,184,8.1,9.0,60,No,27,84.62,Yes
ATT-202606-EMP0055,EMP0055,2026-06-01,Human Resources,26,26,0,0,0,0,0,1,208,210,2.9,8.0,56,No,31,100.0,Yes
ATT-202606-EMP0056,EMP0056,2026-06-01,Finance & Accounts,26,25,0,1,0,0,0,1,208,211,11.0,8.0,56,No,10,96.15,Yes
ATT-202606-EMP0057,EMP0057,2026-06-01,Administration,26,25,1,0,0,0,0,3,208,215,15.3,10.0,52,No,11,96.15,Yes
ATT-202606-EMP0058,EMP0058,2026-06-01,Supply Chain,26,26,0,0,0,0,0,0,208,213,5.4,10.0,52,No,11,100.0,Yes
ATT-202606-EMP0059,EMP0059,2026-06-01,Production,26,26,0,0,0,0,0,0,208,229,21.2,9.0,48,No,19,100.0,Yes
ATT-202606-EMP0060,EMP0060,2026-06-01,Production,26,21,2,0,0,3,0,1,208,188,20.8,10.0,60,No,28,80.77,Yes
ATT-202606-EMP0061,EMP0061,2026-06-01,Production,26,24,0,1,0,1,0,3,208,215,23.2,10.0,58,No,24,92.31,Yes
ATT-202606-EMP0062,EMP0062,2026-06-01,Human Resources,26,26,0,0,0,0,0,2,208,218,10.7,8.0,48,No,15,100.0,Yes
ATT-202606-EMP0063,EMP0063,2026-06-01,Supply Chain,26,24,2,0,0,0,0,0,208,200,8.5,10.0,56,No,22,92.31,Yes
ATT-202606-EMP0064,EMP0064,2026-06-01,Maintenance,26,23,1,1,1,0,0,3,208,206,22.8,9.0,58,No,2,88.46,Yes
ATT-202606-EMP0065,EMP0065,2026-06-01,Maintenance,26,25,0,1,0,0,0,2,208,209,9.3,10.0,65,No,3,96.15,No
ATT-202606-EMP0066,EMP0066,2026-06-01,Finance & Accounts,26,25,0,1,0,0,0,1,208,230,30.1,12.0,65,Yes,8,96.15,No
ATT-202606-EMP0067,EMP0067,2026-06-01,Administration,26,26,0,0,0,0,0,3,208,213,5.5,10.0,48,No,14,100.0,Yes
ATT-202606-EMP0068,EMP0068,2026-06-01,Information Technology,26,25,0,0,1,0,0,1,208,221,21.6,10.0,58,No,5,96.15,Yes
ATT-202606-EMP0069,EMP0069,2026-06-01,Quality Assurance,26,24,1,1,0,0,0,2,208,192,0.8,8.0,60,Yes,2,92.31,No
ATT-202606-EMP0070,EMP0070,2026-06-01,Production,26,25,0,0,0,1,0,0,208,205,5.8,10.0,60,No,12,96.15,Yes
ATT-202606-EMP0071,EMP0071,2026-06-01,Production,26,21,3,0,2,0,0,0,208,187,19.4,10.0,52,No,32,80.77,Yes
ATT-202606-EMP0072,EMP0072,2026-06-01,Information Technology,26,20,4,1,1,0,1,4,208,168,8.4,8.0,48,No,2,76.92,Yes
ATT-202606-EMP0073,EMP0073,2026-06-01,Quality Assurance,26,26,0,0,0,0,0,0,208,211,3.0,10.0,58,No,13,100.0,Yes
ATT-202606-EMP0074,EMP0074,2026-06-01,Production,26,25,0,0,0,1,0,3,208,217,17.8,10.0,58,No,18,96.15,Yes
ATT-202606-EMP0075,EMP0075,2026-06-01,Information Technology,26,23,2,0,1,0,0,2,208,186,2.9,8.0,56,No,15,88.46,Yes
ATT-202606-EMP0076,EMP0076,2026-06-01,Production,26,21,3,0,0,2,0,1,208,194,26.0,10.0,58,No,16,80.77,Yes
ATT-202606-EMP0077,EMP0077,2026-06-01,Supply Chain,26,24,0,0,1,1,0,2,208,197,5.4,10.0,60,No,12,92.31,Yes
ATT-202606-EMP0078,EMP0078,2026-06-01,Finance & Accounts,26,26,0,0,0,0,0,0,208,209,1.6,9.0,56,No,29,100.0,Yes
ATT-202606-EMP0079,EMP0079,2026-06-01,Maintenance,26,26,0,0,0,0,0,0,208,219,11.3,12.0,48,No,20,100.0,No
ATT-202606-EMP0080,EMP0080,2026-06-01,Supply Chain,26,24,0,1,1,0,0,0,208,195,3.5,9.0,48,No,29,92.31,Yes
ATT-202606-EMP0081,EMP0081,2026-06-01,Finance & Accounts,26,26,0,0,0,0,0,0,208,234,26.0,10.5,56,No,3,100.0,No
ATT-202606-EMP0082,EMP0082,2026-06-01,Sales & Marketing,26,26,0,0,0,0,0,1,208,208,0.0,10.0,52,No,9,100.0,Yes
ATT-202606-EMP0083,EMP0083,2026-06-01,Information Technology,26,25,0,1,0,0,0,1,208,200,0,10.0,48,No,15,96.15,Yes
ATT-202606-EMP0084,EMP0084,2026-06-01,Human Resources,26,23,2,0,1,0,0,1,208,196,12.4,10.0,56,No,21,88.46,Yes
ATT-202606-EMP0085,EMP0085,2026-06-01,Supply Chain,26,23,2,0,1,0,0,1,208,185,1.8,10.5,58,No,14,88.46,No
ATT-202606-EMP0086,EMP0086,2026-06-01,Quality Assurance,26,23,1,2,0,0,0,4,208,197,13.3,10.0,60,No,9,88.46,Yes
ATT-202606-EMP0087,EMP0087,2026-06-01,Sales & Marketing,26,22,1,1,1,1,0,0,208,181,5.9,11.0,56,No,15,84.62,No
ATT-202606-EMP0088,EMP0088,2026-06-01,Human Resources,26,22,3,1,0,0,1,3,208,199,23.2,9.0,60,No,24,84.62,Yes
ATT-202606-EMP0089,EMP0089,2026-06-01,Finance & Accounts,26,25,0,1,0,0,0,0,208,200,0,8.0,56,No,19,96.15,Yes
ATT-202606-EMP0090,EMP0090,2026-06-01,Production,26,26,0,0,0,0,0,1,208,223,15.5,8.0,52,No,12,100.0,Yes
ATT-202606-EMP0091,EMP0091,2026-06-01,Quality Assurance,26,25,0,0,1,0,1,2,208,223,23.7,10.5,48,No,22,96.15,No
ATT-202606-EMP0092,EMP0092,2026-06-01,Quality Assurance,26,26,0,0,0,0,0,2,208,208,0,10.0,48,No,11,100.0,Yes
ATT-202606-EMP0093,EMP0093,2026-06-01,Finance & Accounts,26,25,0,0,1,0,0,1,208,208,8.2,11.0,60,Yes,12,96.15,No
ATT-202606-EMP0094,EMP0094,2026-06-01,Human Resources,26,24,0,0,1,1,0,1,208,192,0,10.0,60,No,3,92.31,Yes
ATT-202606-EMP0095,EMP0095,2026-06-01,Production,26,26,0,0,0,0,0,1,208,225,17.3,10.0,56,No,23,100.0,Yes
ATT-202606-EMP0096,EMP0096,2026-06-01,Administration,26,22,4,0,0,0,0,0,208,189,13.6,10.0,52,No,17,84.62,Yes
ATT-202606-EMP0097,EMP0097,2026-06-01,Finance & Accounts,26,26,0,0,0,0,0,1,208,224,16.4,10.5,56,No,6,100.0,No
ATT-202606-EMP0098,EMP0098,2026-06-01,Quality Assurance,26,25,1,0,0,0,0,1,208,207,7.7,9.0,65,No,14,96.15,No
ATT-202606-EMP0099,EMP0099,2026-06-01,Information Technology,26,23,1,0,0,2,0,0,208,184,0.8,10.0,48,No,28,88.46,Yes
ATT-202606-EMP0100,EMP0100,2026-06-01,Information Technology,26,25,0,0,1,0,0,0,208,200,0,10.0,62,No,4,96.15,No
ATT-202606-EMP0101,EMP0101,2026-06-01,Administration,26,25,0,0,1,0,1,2,208,213,13.7,10.0,56,No,6,96.15,Yes
ATT-202606-EMP0102,EMP0102,2026-06-01,Finance & Accounts,26,25,0,0,1,0,0,1,208,210,10.4,10.0,52,No,31,96.15,Yes
ATT-202606-EMP0103,EMP0103,2026-06-01,Administration,26,23,2,0,0,1,1,1,208,187,3.4,10.5,58,No,19,88.46,No
ATT-202606-EMP0104,EMP0104,2026-06-01,Information Technology,26,25,0,0,1,0,0,4,208,206,6.4,9.0,52,No,33,96.15,Yes
ATT-202606-EMP0105,EMP0105,2026-06-01,Administration,26,25,1,0,0,0,0,2,208,200,0,9.0,52,No,25,96.15,Yes
ATT-202606-EMP0106,EMP0106,2026-06-01,Human Resources,26,24,1,0,1,0,1,1,208,194,2.9,10.0,58,No,32,92.31,Yes
ATT-202606-EMP0107,EMP0107,2026-06-01,Supply Chain,26,24,2,0,0,0,0,0,208,200,8.5,9.0,58,No,32,92.31,Yes
ATT-202606-EMP0108,EMP0108,2026-06-01,Production,26,25,0,0,0,1,0,2,208,219,19.6,10.0,52,No,27,96.15,Yes
ATT-202606-EMP0109,EMP0109,2026-06-01,Quality Assurance,26,25,1,0,0,0,0,4,208,200,0.6,10.0,52,No,14,96.15,Yes
ATT-202606-EMP0110,EMP0110,2026-06-01,Sales & Marketing,26,25,0,0,1,0,0,1,208,211,11.0,10.5,58,No,8,96.15,No
ATT-202606-EMP0111,EMP0111,2026-06-01,Human Resources,26,25,0,0,0,1,0,0,208,214,14.1,10.0,58,No,8,96.15,Yes
ATT-202606-EMP0112,EMP0112,2026-06-01,Production,26,24,2,0,0,0,0,4,208,205,13.6,10.0,56,No,21,92.31,Yes
ATT-202606-EMP0118,EMP0118,2026-06-01,Supply Chain,14,14,0,0,0,0,0,1,117,117,5.7,9.0,56,No,29,100.0,Yes
